DISTRICT,LOCAL_COUN,CHIEFDOM,SECTION,LOCALITY_N,FACILITY_N,FACILITY_T,X,Y
TONKOLILI,TONKOLILI DISTRICT,GBONKOLENKEN,LOWER POLIE,MARAKA,MARAKA MCHP,MCHP,170992,945049
TONKOLILI,TONKOLILI DISTRICT,GBONKOLENKEN,PETIFU MAYEPOH,PETIFU MAYEPOH,PETIFU MAYEPOH MCHP,MCHP,185369,942695
TONKOLILI,TONKOLILI DISTRICT,GBONKOLENKEN,LOWER MASAKONG,MANSUMANA,MANSUMANA CHP,CHP,170964,937960
TONKOLILI,TONKOLILI DISTRICT,GBONKOLENKEN,UPPER POLIE,MATAMP,MATAMP MCHP,MCHP,175752,945748
TONKOLILI,TONKOLILI DISTRICT,GBONKOLENKON,UPPER MASAKONG,WARIMA,WARIMA MCHP,MCHP,177173,934644
TONKOLILI,TONKOLILI DISTRICT,GBONKOLENKEN,PETIFU MAYAWA,YELE,YELE CHC,CHC,188007,931200
TONKOLILI,TONKOLILI DISTRICT,GBONKOLENKEN,MAYEPOH,MAYEPOH,MAYEPOH,CHP,187829,940280
TONKOLILI,TONKOLILI DISTRICT,GBONKOLENKEN,MAYEPOH,MAKONKORIE,MAKONKORIE CHP,MCHP,190753,946736
TONKOLILI,TONKOLILI DISTRICT,KUNIKE,ROLAL,MAMANSO SANKO,MAMANSO SANKO CHP,CHP,219532,964751
TONKOLILI,TONKOLILI DISTRICT,KUNIKE,SANDA,PETIFU LINE,PETIFU LINE MCHP,MCHP,220355,954564
TONKOLILI,TONKOLILI DISTRICT,KUNIKE,THARMA,MATHORLIE,MATHORLIE MCHP,MCHP,232740,949827
TONKOLILI,TONKOLILI DISTRICT,KUNIKE,THARMA,FOTHNEH JUNCTION,FOTHANEH JUNCTION MCHP,MCHP,237692,950401
TONKOLILI,TONKOLILI DISTRICT,KUNIKE,MASINGBI,MASINGBI,MASINGBI CHC,CHC,227776,956144
TONKOLILI,TONKOLILI DISTRICT,KUNIKE,WANA,MAGBANABUM,MAGBANABUM MCHP,MCHP,225462,973035
TONKOLILI,TONKOLILI DISTRICT,KUNIKE,THAMBAYA,FOTHANEH BANA,FOTHANEH BANA MCHP,MCHP,229822,971664
TONKOLILI,TONKOLILI DISTRICT,SAMBAYA,DAYIE,NIKIKORO,NIKIKORO MCHP,MCHP,209847,994818
TONKOLILI,TONKOLILI DISTRICT,SAMBAYA,DAYIE,KHOLIFAGA,KHOLIFAGA MCHP,MCHP,215106,1000645
TONKOLILI,TONKOLILI DISTRICT,SAMBAYA,BOROWA,KUNYA,KUNYA MCHP,MCHP,223324,1012757
TONKOLILI,TONKOLILI DISTRICT,SAMBAYA,SAMBAIA,BENDUGU,BENDUGU CHC,CHC,225824,1002802
TONKOLILI,TONKOLILI DISTRICT,TANE,MATOTOKA,MATOTOKA,MATOTOKA CHC,CHC,182656,959405
TONKOLILI,TONKOLILI DISTRICT,TANE,MAKRUGBE,MAKRUGBE,MAKRUGBE MCHP,MCHP,190508,957114
TONKOLILI,TONKOLILI DISTRICT,TANE,MAPAKIE,MATUFLIE,MATUFLIE MCHP,MCHP,180729,955702
TONKOLILI,TONKOLILI DISTRICT,TANE,MANGAY,ROSERNGREN,ROSENGBEH MCHP,MCHP,177720,950320
TONKOLILI,TONKOLILI DISTRICT,TANE,MAGAY SECTION,MANGAY BANA,MANGAY BANA MCHP,MCHP,174960,949893
TONKOLILI,TONKOLILI DISTRICT,TANE,MATHONKARA,MATHONKAR,MATHONKARA MCHP,MCHP,190439,968770
TONKOLILI,TONKOLILI DISTRICT,TANE,MAKRUGBEH,MASANKORO,MASANKORO MCHP,MCHP,195073,958962
TONKOLILI,TONKOLILI DISTRICT,KHOLIFA ROWALLA,MAKUMP,MABIA JUNCTION,MABAI JUNCTION MCHP,MCHP,180960,960593
TONKOLILI,TONKOLILI DISTRICT,KHOLIFA ROWALLA,MAYOSSOH,MAYOSSOH,MAYOSSOH MCHP,MCHP,171610,950912
TONKOLILI,TONKOLILI DISTRICT,KHOLIFA ROWALLA,LAL LENKEN,MASANGA,MASANGA LEPROSY HOSPITAL,MISSION HOSPITAL,187574,968330
TONKOLILI,TONKOLILI DISTRICT,KHOLIFA ROWALLA,BO ROAD,MAGBURAKA,UNDER 5S CLINIC,UNDER 5S CLINIC,177401,965320
TONKOLILI,TONKOLILI DISTRICT,KHOLIFA ROWALLA,BO ROAD,MAGBURAKA,MAGBURAKU GOVERNMENT HOSPITAL,GOVT HOSPITAL,177343,968318
TONKOLILI,TONKOLILI DISTRICT,KHOLIFA ROWALLA,MAKAMP,MALONE,MALONE MCHP,MCHP,178445,959799
TONKOLILI,TONKOLILI DISTRICT,KALANSOGOIA,KAMAKATHIE,KATHOMBO,KATHOMBO MCHP,MCHP,196506,1003835
TONKOLILI,TONKOLILI DISTRICT,KALANSOGOIA,LOWER SECTION,BUNBUNA,BUNBUNA CHC,CHC,198289,1001011
TONKOLILI,TONKOLILI DISTRICT,KALANSOGOIA,UPPER SECTION,KEMEDUGU,KEMEDUGU MCHP,MCHP,207363,996665
TONKOLILI,TONKOLILI DISTRICT,KALANSOGOIA,FULADUGU,KAMASEPENA,KAMSEPENA MCHP,MCHP,197578,1018138
TONKOLILI,TONKOLILI DISTRICT,KALANSOGOIA,LOWER SECTION,BASSAIA,BASSAIA MCHP,MCHP,194210,994268
TONKOLILI,TONKOLILI DISTRICT,KAFE SIMIRIA,MABONTO,MABONTO,MABONTO CHC,CHC,189930,982463
TONKOLILI,TONKOLILI DISTRICT,KAFE SIMIRIA,MATHELFA,MASUMBIRI,MASUMBIRE CHP,CHP,197032,976283
TONKOLILI,TONKOLILI DISTRICT,KAFE SIMIRIA,MAYASSO,MAYASSO,MAYASSO MCHP,MCHP,187322,991038
TONKOLILI,TONKOLILI DISTRICT,KAFE SIMIRIA,MAKON THANDAY,MAKONTHANDAY,MAKONTHADAY MCHP,MCHP,191149,990620
TONKOLILI,TONKOLILI DISTRICT,KUNIKE BARINA,WONKIBOR,WONKIBOR,WONKIBOR MCHP,MCHP,211757,951334
TONKOLILI,TONKOLILI DISTRICT,KUNIKE BARINA,WONKIBAR,MAPAMURIE,MAPAMURIE MCHP,MCHP,217403,947799
TONKOLILI,TONKOLILI DISTRICT,KUNIKE BARINA,MAKALI,MAKALI,MAKALI CHC,CHC,207125,955026
TONKOLILI,TONKOLILI DISTRICT,KUNIKE BARINA,MATHONKARA,MAKONIE LINE,MAKONIE LINE MCHP,MCHP,216684,955708
BOMBALI,BOMBALI DISTRICT,SAFROKO LIMBA,KASENGBEH,KASENGBEH,KASENGBEH MCHP,MCHP,183508,1003964
BOMBALI,BOMBALI DISTRICT,SAFROKO LIMBA,KABONKA,KABONKA,"KABONKA M.C,H.P",MCHP,182616,994493
BOMBALI,BOMBALI DISTRICT,SAFROKO LIMBA,KAYASI,KAYASI,KAYASI M.C.H.P,MCHP,187199,997729
BOMBALI,BOMBALI DISTRICT,SAFROKO LIMBA,BINKOLO,BINKOLO,BINKOLO CHC,CHC,172025,990587
BOMBALI,BOMBALI DISTRICT,SAFROKO LIMBA,MASONGBO,MASONGBO LIMBA,MASONGBO LIMBA M.C.H.P,MCHP,182460,994076
BOMBALI,BOMBALI DISTRICT,SAFROKO LIMBA,BOMBALI BANA,KAGBO,KAGBO  M.C.H.P,MCHP,171093,999035
BOMBALI,BOMBALI DISTRICT,SAFROKO LIMBA,BINKOLO,KAPETHE,KAPETHE M.C.H.P,MCHP,171960,994592
BOMBALI,BOMBALI DISTRICT,SAFROKO LIMBA,MABONKANI,MABONKANI,MABONKANI  M.C.H.P,MCHP,179729,996381
BOMBALI,BOMBALI DISTRICT,MAGBAIMBA NDOWAHUN,HUNDUWA,HUNDUWA,HUNDUWA CHP,CHP,182288,1022552
BOMBALI,BOMBALI DISTRICT,PAKI MASABONG,MAYAABA,MAKOLOR,MAKOLOR  CHP,CHP,174803,969498
BOMBALI,BOMBALI DISTRICT,PAKI MASABONG,MAPAKI,MAPAKI,MAPAKI  CHP,MCHP,180082,972698
BOMBALI,BOMBALI DISTRICT,PAKI MASABONG,SANDA,MASINABI LOI,MASINABI LOI M.C.H.P,MCHP,175090,971830
BOMBALI,BOMBALI DISTRICT,PAKI MASABONG,MASABONG,MAKENI LOL,MAKENI LOL M.C.H.P,MCHP,170020,967381
BOMBALI,BOMBALI DISTRICT,PAKI MASABONG,KATHANTA,KATHANTA BANA,KATHANTA BANA M.C.H.P,MCHP,178822,984574
BOMBALI,BOMBALI DISTRICT,BIRIWA,KAYONGORO,KAYONGORO,KAYONGORO  MCHP,MCHP,178465,1019391
BOMBALI,BOMBALI DISTRICT,BIRIWA,BBUMBANDAY,BUMBANDAY,BUMBANDAY  MCHP,MCHP,169272,1006081
BOMBALI,BOMBALI DISTRICT,BIRIWA,KAMABAI,KAMABAI,KAMABAI CHC,CHC,174495,1013554
BOMBALI,BOMBALI DISTRICT,BIRIWA,MANJORO,MANJORO,MANJORO  M.C.H.P,MCHP,173242,1025903
BOMBALI,BOMBALI DISTRICT,BIRIWA,KANIMA(WARADALLAH),KARINA,KARINA  MCHP,MCHP,168362,1015184
BOMBALI,BOMBALI DISTRICT,BIRIWA,KAMBAI,BUMBAN,BUMBAN,CHP,180761,1009764
BOMBALI,BOMBALI DISTRICT,BIRIWA,KAMABAI,KAGBANEH,KAGBANEH,MCHP,175278,1003662
BOMBALI,BOMBALI DISTRICT,BIRIWA,BALADUGU,KAMASIKIE,KAMASIKIE MCHP,MCHP,180296,1031875
BOMBALI,BOMBALI DISTRICT,BIRIWA,KABUCDHA,KANIKAY,KANIKAY MCHP,MCHP,185540,1028765
BOMBALI,BOMBALI DISTRICT,BIRIWA,KAGBANKONA,KAGBANKONA,KAGBANKONA MCHP,MCHP,170212,1024274
PUJEHUN,PUJEHUN DISTRICT,BARRI,DAKONA,TANINAHUN,TANINAHUN MCHP,MCHP,234176,819965
PUJEHUN,PUJEHUN DISTRICT,BARRI,FALLAY,POTORU,POTORU CHC,CHC,226187,830143
PUJEHUN,PUJEHUN DISTRICT,BARRI,JOUGBA,VAMMA,VAMMA  MCHP,MCHP,233788,834459
PUJEHUN,PUJEHUN DISTRICT,BARRI,SONJOUR II,Bandaguma,Bandaguma CHP,CHP,234078,815274
PUJEHUN,PUJEHUN DISTRICT,BARRI,FALLAY,Tambeyama,Tambeyama MCHP,MCHP,222515,826741
PUJEHUN,PUJEHUN DISTRICT,BARRI,LAIMBA,WAIIMA,WAIIMA MCHP,MCHP,229229,823889
PUJEHUN,PUJEHUN DISTRICT,BARRI,SONJOUR I,NJALUAHUN,NJALUAHUN CHP,MCHP,230158,817880
PUJEHUN,PUJEHUN DISTRICT,BARRI,TETIMA,SAAHUN,SAAHUN  MCHP,MCHP,233166,828433
PUJEHUN,PUJEHUN DISTRICT,GALLINAS PERRI,JAKEMA I,BUMPEH PERRI,BUMPEH PERRI CHC,MCHP,216707,805982
PUJEHUN,PUJEHUN DISTRICT,GALLINAS PERRI,PELEGBULOR,Kpowubu Massagu,Kpowubu MCHP,MCHP,216162,812471
PUJEHUN,PUJEHUN DISTRICT,GALLINAS PERRI,JAKEMA II,Saama,Saama MCHP,MCHP,217666,797487
PUJEHUN,PUJEHUN DISTRICT,GALLINAS PERRI,JOYA,FALABA,FALABA MCHP,MCHP,220666,821081
PUJEHUN,PUJEHUN DISTRICT,GALLINAS PERRI,JOYA,KOWAMA,KOWAMA MCHP,MCHP,216264,822840
PUJEHUN,PUJEHUN DISTRICT,GALLINAS PERRI,MEWAH,BLAMA MASSAQUOI,COMMUNITY,MCHP,209017,813212
PUJEHUN,PUJEHUN DISTRICT,KPAKA,JASSENDE NGOLEIMA,MASSAN,MASSAN MCHP,MCHP,203424,813868
PUJEHUN,PUJEHUN DISTRICT,KPAKA,PARVU,Liya,Liya MCHP,MCHP,212495,773328
PUJEHUN,PUJEHUN DISTRICT,KPAKA,NYANGO NGOLEIHUN,Saahun,Saahun MCHP,MCHP,209039,806255
PUJEHUN,PUJEHUN DISTRICT,KPAKA,NYANGO NJEIGBLA,Sumbuya Bessima,Sumbuya Bessiema CHC,CHC,204600,794774
PUJEHUN,PUJEHUN DISTRICT,KPANGA KABONDE,BAKOI,DANDABU,DANDABU CHP,MCHP,203627,827438
PUJEHUN,PUJEHUN DISTRICT,KPANGA KABONDE,KABONDE,PEHALA,PEHALA MCHP,MCHP,212994,835510
PUJEHUN,PUJEHUN DISTRICT,KPANGA KABONDE,PANDA,PUJEHUN TOWN,PUJEHUN GOVERNMENT HOSPITAL,GOVT HOSPITAL,199842,813367
PUJEHUN,PUJEHUN DISTRICT,KPANGA KABONDE,PANDA,PUJEHUN TOWN,MARIE STOPES,NGO CLINIC,199730,814000
PUJEHUN,PUJEHUN DISTRICT,KPANGA KABONDE,PESSEKEH,SORBEH GRIMA,SORBEH GRIMA MCHP,MCHP,194045,820104
PUJEHUN,PUJEHUN DISTRICT,KPANGA KABONDE,SAMBA,BOMU SAAMBA,BOMU SAAMBA CHP,CHP,208458,822865
PUJEHUN,PUJEHUN DISTRICT,KPANGA KABONDE,SAMBA,SALIMA,SALIMA MCHP,MCHP,210605,827641
PUJEHUN,PUJEHUN DISTRICT,KPANGA KABONDE,SETIA YANKADAY,GBONDAPI,GBONDAPI CHC,CHC,185370,810051
PUJEHUN,PUJEHUN DISTRICT,MAKPELE,KENGO,GOFOR,GOFOR CHP,CHP,239389,801279
PUJEHUN,PUJEHUN DISTRICT,MAKPELE,SAMAGBE,GBAA,GBAA CHP,CHP,253576,804819
PUJEHUN,PUJEHUN DISTRICT,MAKPELE,SAMAGBE,GISSIWOLO,GISSIWOLO MCHP,MCHP,249572,804402
PUJEHUN,PUJEHUN DISTRICT,MAKPELE,SELIMEH,GBAHAMA,GBAHAMA MCHP,MCHP,240583,807189
PUJEHUN,PUJEHUN DISTRICT,MAKPELE,SELIMEH,ZIMMI,ZIMMI CHC,CHC,245069,809916
PUJEHUN,PUJEHUN DISTRICT,MALEN,KAHAIMOH,NYANDEHUN,NYANDEHUN MCHP,MCHP,195447,839835
PUJEHUN,PUJEHUN DISTRICT,MALEN,UPPER PEMBA,Sengema,Sengema CHP,CHP,192693,829250
PUJEHUN,PUJEHUN DISTRICT,MALEN,KAKPANDA,TANINAHUN,TANINAHUN CHP,CHP,190485,835383
PUJEHUN,PUJEHUN DISTRICT,MALEN,KOWA,SAHN,SAHN CHC,CHC,186193,823067
PUJEHUN,PUJEHUN DISTRICT,PANGA KRIM,PEMAGBIE,BAYAMA,BAYAMA MCHP,MCHP,199087,819808
PUJEHUN,PUJEHUN DISTRICT,PEJEH,PEJEH WEST,FUTA,FUTA MCHP,MCHP,234176,819965
PUJEHUN,PUJEHUN DISTRICT,PEJEH,KOILENGA,Pejewa,Pejewa MCHP,MCHP,223447,839464
PUJEHUN,PUJEHUN DISTRICT,PEJEH,PEJEH WEST,Bumbeh Pejeh,Bumbeh MCHP,MCHP,216997,828798
PUJEHUN,PUJEHUN DISTRICT,SORO GBEMA,KEMOKAI,JENDEMA,JENDEMA CHC,CHC,235825,777120
PUJEHUN,PUJEHUN DISTRICT,SORO GBEMA,KEMOKAI,MALEMA 1,MALEMA 1 MCHP,MCHP,234015,782223
PUJEHUN,PUJEHUN DISTRICT,SORO GBEMA,MASSAQUOI II,SULIMA,SULIMA CHC,CHC,215238,770977
PUJEHUN,PUJEHUN DISTRICT,SORO GBEMA,MOIWEBU,WAI,WAI MCHP,MCHP,228878,779698
PUJEHUN,PUJEHUN DISTRICT,SORO GBEMA,ZOKER 1,FAIRO,FAIRO CHC,CHC,234351,784158
PUJEHUN,PUJEHUN DISTRICT,MANO SAKRIM,KEMOH,Mano Bonjeima,CHC,CHC,195603,791649
PUJEHUN,PUJEHUN DISTRICT,MANO SAKRIM,PEMBAAR,Bengani,MCH P,MCHP,179167,794176
PUJEHUN,PUJEHUN DISTRICT,YKK,KEMO BO,Borma,MCH P,MCHP,195413,793648
PUJEHUN,PUJEHUN DISTRICT,YKK,BAPAWA,Karlu,Karlu CHC,CHC,194841,801342
PUJEHUN,PUJEHUN DISTRICT,SOWA,SABBA I,BANDAJUMA,BANDAJUMA CHC,CHC,207370,837907
PUJEHUN,PUJEHUN DISTRICT,SOWA,SABBA I,UPPER KOMENDE,UPPER KOMENDE MCHP,MCHP,211460,843440
PUJEHUN,PUJEHUN DISTRICT,SOWA,UPPER GEOMA,GEOMA JARGOH,GEOMA JARGOH CHC,CHC,202675,831029
KONO,KOIDU NEW SEMBEHUN CITY,GBENSE,MOINDEKOR,KOIDU TOWN,GOVERNMENT HOSPITAL,GOVT HOSPITAL,283681,956554
KONO,KOIDU NEW SEMBEHUN CITY,GBENSE,MOINDEKOR,KOIDU TOWN,UNDER FIVE CLINIC,UNDER 5S CLINIC,283678,956508
KONO,KONO DISTRICT,GBENSE,MOINDEFEH,BOROMA,BOROMA MCHP,MCHP,285919,958567
KONO,KONO DISTRICT,GBENSE,BAFINFEH,KOAKOR,KOAKOR MCHP,MCHP,287878,972943
KONO,KOIDU NEW SEMBEHUN CITY,GBENSE,BAFINFEH,SMALL SEFADU,SMALL SEFADU MCHP,MCHP,279984,956985
KONO,KONO DISTRICT,GBENSE,BAYEFEH,KWIDADU,KWIDADU MCHP,MCHP,285709,963951
KONO,KONO DISTRICT,GBENSE,BAYAKOR,GBANGADU,GBANGADU MCHP,MCHP,295737,971499
KONO,KOIDU NEW SEMBEHUN CITY,GBENSE,MOINDEFEH,KOIDU TOWN,ARAB CLINIC,NGO CLINIC,282377,956211
KONO,KOIDU NEW SEMBEHUN CITY,GBENSE,MOINDEKOR,KOIDU TOWN,SL RED CROSS SOCIETY CLINIC,NGO CLINIC,282893,956613
KONO,KOIDU NEW SEMBEHUN CITY,GBENSE,MOINDEKOR,KOIDU TOWN,FATKON MUCHENDEH MATERNITY,PRIVATE CLINIC,283142,955938
KONO,KOIDU NEW SEMBEHUN CITY,GBENSE,MOINDEKOR,KOIDU TOWN,EM AND BEE MATERNITY HOME,PRIVATE CLINIC,283117,956193
KONO,KOIDU NEW SEMBEHUN CITY,GBENSE,MOINDEFEH,KOEYOR,KOEYOR MCHP,MCHP,285700,956574
KONO,KOIDU NEW SEMBEHUN CITY,GBENSE,MOINDEKOR,KOIDU TOWN,MARIE STOPES CLINIC,NGO CLINIC,285674,956576
KONO,KONO DISTRICT,GORAMA KONO,KANGAMA,KANGAMA,KANGAMA CHC,CHC,273503,926464
KONO,KONO DISTRICT,GORAMA KONO,KANGAMA,TORKPOMBU,TORKPOMBU MCHP,MCHP,269095,930105
KONO,KONO DISTRICT,GORAMA KONO,KANGAMA,NJAGBEMA,NJAGBEMA MCHP,MCHP,264649,924187
KONO,KONO DISTRICT,GORAMA KONO,BUNABU,BUNABU,BUNABU MCHP,MCHP,262425,931568
KONO,KONO DISTRICT,NIMIKORO,BANDAFAFEH,YENGEMA,YENGEMA CHC,CHC,275207,953077
KONO,KONO DISTRICT,NIMIKORO,BANDAFAFEH,YENGEMA,CATHOLIC MISSION CLINIC,MISSION CLINIC,275114,953384
KONO,KONO DISTRICT,NIMIKORO,BANDAFAFEH,MOTEMA,MOTEMA CHP,CHC,277431,952514
KONO,KONO DISTRICT,NIMIKORO,BANDAFAFEH,NGAYA,NGAYA MCHP,MCHP,275558,952284
KONO,KONO DISTRICT,NIMIKORO,MANSAYEFEH,GONDAMA,GONDAMA MCHP,MCHP,271311,933077
KONO,KONO DISTRICT,NIMIKORO,MANSAYEFEH,SENJEKOR,SENJEKOR MCHP,MCHP,268890,935594
KONO,KONO DISTRICT,NIMIKORO,NJAIAMA,BUMPEH,BUMPEH CHC,CHC,271754,952995
KONO,KONO DISTRICT,NIMIKORO,GBOGBOAFEH,NJAGBWEMA,NJAGBWEMA CHP,MCHP,264128,955803
KONO,KONO DISTRICT,NIMIKORO,BAFINFEH,SEIDU,SEIDU MCHP,MCHP,269295,965423
KONO,KONO DISTRICT,NIMIKORO,BAFINFEH,MANSUNDU,MASUNDU MCHP,MCHP,272627,972492
KONO,KONO DISTRICT,NIMIKORO,NJAIAMA,NJALA,NJALA CHP,MCHP,273929,948268
KONO,KONO DISTRICT,NIMIKORO,NJAIAMA,NJAIAMA,UMC MITCHENER MEMORIAL CLINIC,MISSION CLINIC,269953,945047
KONO,KOIDU NEW SEMBEHUN CITY,TANKORO,TANKORO,KOIDU TOWN,CHINESE CLINIC,PRIVATE CLINIC,281867,955478
KONO,KOIDU NEW SEMBEHUN CITY,TANKORO,TANKORO,KOIDU TOWN,WHITE HOUSE CLINIC,PRIVATE CLINIC,281951,956193
KONO,KOIDU NEW SEMBEHUN CITY,TANKORO,TANKORO,KWAQUIMA,KWAQUIMA MCHP,MCHP,280514,953682
KONO,KOIDU NEW SEMBEHUN CITY,TANKORO,TANKORO,KENSAY,KENSAY MCHP,MCHP,281245,955548
KONO,KONO DISTRICT,TANKORO,WOAFEH,WOAMA,WOAMA MCHP,MCHP,283744,945788
KONO,KONO DISTRICT,TANKORO,NJAMA,BAIAMA,BAIAMA CHP,CHP,283407,941969
KONO,KOIDU NEW SEMBEHUN CITY,TANKORO,TANKORO,SWARRAY TOWN,SWARRAY TOWN MCHP,MCHP,284076,953700
KONO,KONO DISTRICT,LEI,KOARO,KUNDUNDU,KUNDUNDU MCHP,MCHP,315107,984095
KONO,KONO DISTRICT,LEI,DIA,GBONAGONGOR,GBONAGONGOR MCHP,MCHP,320142,983297
KONO,KONO DISTRICT,LEI,LEI,KONGOIFEH,KONGOIFEH MCHP,MCHP,327735,972754
KONO,KONO DISTRICT,LEI,LEI,KOMBA YENDEH,KOMBA YENDEH CHP,CHP,312035,971669
KONO,KONO DISTRICT,LEI,LEI,SAIAMA,SAIAMA MCHP,MCHP,322306,975158
KONO,KONO DISTRICT,LEI,SANBANDA,FOAKOR,FOAKOR MCHP,MCHP,321421,968807
KONO,KONO DISTRICT,SANDOR,DANGBAIDU,TEFEYA,TEFEYA CHP,CHP,256698,963125
KONO,KONO DISTRICT,SANDOR,SANGBAFEH,KOCHERO,KOCHERO MCHP,MCHP,290045,985191
KONO,KONO DISTRICT,SANDOR,SIMKOGOFEH,SAMADU,SAMADU MCHP,MCHP,275681,990481
KONO,KONO DISTRICT,SANDOR,YAWATANDA,BANGAMBAYA,BANGAMBAYA MCHP,MCHP,261147,975366
KONO,KONO DISTRICT,SANDOR,YAWATANDA,KAYIMA,KAYIMA CHC,CHC,262472,983470
KONO,KONO DISTRICT,SANDOR,BAFINFEH,YORMANDU,YORMANDU CHC,CHC,268741,967091
KONO,KONO DISTRICT,SANDOR,SUMUNJEFEH,WORDU,WORDU CHP,CHP,269183,988602
KONO,KONO DISTRICT,SANDOR,BAFINFEH,MANSUNDU,MANSUNDU MCHP,MCHP,272627,972492
KONO,KONO DISTRICT,SANDOR,DANGBAIDU,KONDEYA,KONDEYA MCHP,MCHP,256854,965352
KONO,KONO DISTRICT,MOFINDOR,KAMIENDOR,KAMIENDOR,KAMIENDOR MCHP,MCHP,333289,960108
KONO,KONO DISTRICT,MOFINDOR,MOFINDOR,SAMBAYA,SAMBAYA MCHP,MCHP,334306,965104
KONO,KONO DISTRICT,TOLI,KOMADU,KPETEMA,KPETEMA CHP,CHP,318168,990825
KONO,KONO DISTRICT,TOLI,KWIDU,KONDUWAKO,KONDUWAKO CHP,CHP,324618,997119
KONO,KONO DISTRICT,GBANE KANDO,GBANE-TETEMA,KOARDU,KOARDU MCHP,MCHP,325828,952656
KONO,KONO DISTRICT,GBANE KANDO,GBANE KANDOR,SINDADU,SINDADU MCHP,MCHP,328761,960006
KONO,KONO DISTRICT,GBANE,MONGOR,GANDORHUN,GANDORHUN CHC,CHC,294480,933050
KONO,KONO DISTRICT,GBANE,GBIKIDAKO,KANEKOR,KANEKOR MCHP,MCHP,293096,941057
KONO,KONO DISTRICT,GBANE,GBANE-YEMOR,BAOMA,BAOMA MCHP,MCHP,303287,931722
KONO,KONO DISTRICT,SOA,KOKONGOKUMA,KAINKORDU,KAINKORDU CHC,CHC,310582,952948
KONO,KONO DISTRICT,SOA,MOFINKOR,GBAMANDU,GBAMANDU MCHP,MCHP,316357,955740
KONO,KONO DISTRICT,SOA,SAWA FIAMA,SUKUDU SOA,SUKUDU SOA MCHP,MCHP,315013,940422
KONO,KONO DISTRICT,SOA,KOKONGOKUMA,MANJAMA,MANJAMA MCHP,MCHP,313242,952167
KONO,KONO DISTRICT,SOA,SAWA BUMA,BANDASUMA,BANDASUMA MCHP,MCHP,311821,942954
KONO,KONO DISTRICT,SOA,TENSEKOR,FEUROR,FEUROR MCHP,MCHP,319324,950178
KONO,KONO DISTRICT,FIAMA,YAOKOR,BOMBODU,BOMBODU MCHP,MCHP,295195,953598
KONO,KONO DISTRICT,FIAMA,DUMBIA,YEKIOR,YEKIOR MCHP,MCHP,293315,948475
KONO,KONO DISTRICT,FIAMA,FIAMA,NJAGBEMA,NJAGBEMA CHC,CHC,299336,954162
KONO,KONO DISTRICT,FIAMA,KOKAR,GBETEMA,GBETEMA MCHP,MCHP,300012,951551
KONO,KONO DISTRICT,FIAMA,KOKAR,BANDASUMA FIAMA,BANDASUMA FIAMA MCHP,MCHP,302145,961778
KONO,KONO DISTRICT,KAMARA,KONGOFINJA,SAMIQUIDU,SAMIQUIDU MCHP,MCHP,273472,961648
KONO,KONO DISTRICT,KAMARA,GBONDU,PEYIMA,PEYIMA CHP,CHP,274706,968709
KONO,KONO DISTRICT,KAMARA,SUKUDU,SUKUDU,SUKUDU CHP,CHP,276615,968908
KONO,KONO DISTRICT,KAMARA,KONGOFINJA,TOMBODU,TOMBODU CHP,CHP,278617,962492
KONO,KONO DISTRICT,NIMIYAMA,TAAMA FOREST,SANIA,SANIA CHP,CHP,250397,955999
KONO,KONO DISTRICT,NIMIYAMA,NJAGBAKAHUN,NGOTOWN,NGOTOWN CHP,CHP,245989,948459
KONO,KONO DISTRICT,NIMIYAMA,BAFINFEH,MASSABENDU,MASSABENDU CHP,CHP,252311,961862
KONO,KONO DISTRICT,NIMIYAMA,NJAIAFEH,JAIAMA SEWAFEH,JAIAMA SEWAFEH CHC,CHC,253305,944939
KONO,KONO DISTRICT,NIMIYAMA,PEYIFIEH,PEYA,PEYA MCHP,MCHP,256228,939903
KENEMA,KENEMA DISTRICT,LOWER BAMBARA,NYAWA,TONGO,TONGO CHC,CHC,273296,908687
KENEMA,KENEMA DISTRICT,LOWER BAMBARA,NYAWA,SANDEYEMA,SANDEYEMA MCHP,MCHP,272175,909031
KENEMA,KENEMA DISTRICT,LOWER BAMBARA,BONYA,PANGUMA,PANGUMA HOSPITAL,MISSION HOSPITAL,264547,905364
KENEMA,KENEMA DISTRICT,LOWER BAMBARA,NYAWA,KPANDEBU,KPANDEBU MCHP,MCHP,271813,908588
KENEMA,KENEMA DISTRICT,LOWER BAMBARA,FALEH,NGEIHUN,NGEIHUN MCHP,MCHP,270515,904203
KENEMA,KENEMA DISTRICT,LOWER BAMBARA,NYAWA,NJAGBAHUN,NJAGBAHUN MCHP,MCHP,272956,912707
KENEMA,KENEMA DISTRICT,LOWER BAMBARA,BONYA,KPETEMA,KEPTEMA CHP,CHP,271526,915149
KENEMA,KENEMA DISTRICT,LOWER BAMBARA,KOJIE BUIMA,FOINDU,FOINDU CHC,CHC,270942,917436
KENEMA,KENEMA DISTRICT,LOWER BAMBARA,KOJIE NGIEYA,KAMBOMA,KAMBOMA MCHP,MCHP,275694,898456
KENEMA,KENEMA DISTRICT,LOWER BAMBARA,FALLAY,WEIMA,WEIMA CHC,CHC,274209,923030
KENEMA,KENEMA DISTRICT,LOWER BAMBARA,NYAWA,SEMEIWABU,SEMEIWABU MCHP,MCHP,273854,907045
KENEMA,KENEMA DISTRICT,LOWER BAMBARA,KORJEI BUIMA,KORNIA KPINDEMA,KORNIA KPINDEMA CHP,CHP,278573,896385
KENEMA,KENEMA DISTRICT,LOWER BAMBARA,SEI,LOWOMA,LOWOMA CHC,CHC,280702,909024
KENEMA,KENEMA DISTRICT,LOWER BAMBARA,GBORO,KOMENDE LUYAIMA,KOMENDE LUYAIMA MCHP,MCHP,279949,891895
KENEMA,KENEMA DISTRICT,LOWER BAMBARA,BONYA,PELEWAHUN,PELEWAHUN CHP,CHP,272880,921758
KENEMA,KENEMA DISTRICT,LOWER BAMBARA,NYAWA,SEMBEIMA,SEMBEIMA MCHP,MCHP,276660,908177
KENEMA,KENEMA DISTRICT,LOWER BAMBARA,BONYA,SAAMA,SAAMA CHP,CHP,278526,906234
KENEMA,KENEMA DISTRICT,LOWER BAMBARA,NYAWA,BOMIE,BOMIE MCHP,MCHP,274573,910498
KENEMA,KENEMA DISTRICT,TUNKIA,NJAWAHUN,JAO,JAO MCHP,MCHP,263397,842196
KENEMA,KENEMA DISTRICT,TUNKIA,KUAWUMA,MANO NJEGBLA,MANO NJEGBLA CHP,CHP,268321,832215
KENEMA,KENEMA DISTRICT,TUNKIA,GIEWOMA,FAYEIMA,FAYEIMA CHP,CHP,259156,842173
KENEMA,KENEMA DISTRICT,TUNKIA,GIEWOMA,NGEIWAHUN,NGEIWAHUN CHP,CHP,257135,841350
KENEMA,KENEMA DISTRICT,TUNKIA,KUAWUMA,BELEBU,BELEBU CHP,CHP,274629,841242
KENEMA,KENEMA DISTRICT,TUNKIA,GORAHUN,GORAHUN,GORAHUN CHC,CHC,253077,826005
KENEMA,KENEMA DISTRICT,TUNKIA,KUAWUMA,GEIGBWEMA,GEIGBWEMA CHC,CHC,262210,838423
KENEMA,KENEMA DISTRICT,DAMA,DASSAMA,KONJO,KONJO CHP,CHP,265682,865518
KENEMA,KENEMA DISTRICT,DAMA,DAKOWA,PATAMA,PATAMA MCHP,MCHP,270548,857896
KENEMA,KENEMA DISTRICT,DAMA,UPPER DABOR,TAWAHUN,TAWAHUN MCHP,MCHP,276265,869731
KENEMA,KENEMA DISTRICT,DAMA,DASSAMA,MAJIHUN,MAJIHUN MCHP,MCHP,266445,868128
KENEMA,KENEMA DISTRICT,DAMA,UPPER DABOR,TOKPOMBU,TOKPOMBU CHP,CHP,278243,866078
KENEMA,KENEMA DISTRICT,DAMA,LOWER DABOR,LOPPA,LOPPA CHP,MCHP,252475,848971
KENEMA,KENEMA DISTRICT,DAMA,DASSAMA,KONIA,KONIA MCHP,MCHP,271560,869967
KENEMA,KENEMA DISTRICT,DAMA,FOWAI,GAO,GAO MCHP,MCHP,258620,853467
KENEMA,KENEMA DISTRICT,DAMA,DAKOWA,GIEMA,GIEMA CHP,CHP,263173,860306
KENEMA,KENEMA DISTRICT,DAMA,FOWAI,KPANDEBU,KPANDEBU CHC,CHC,257813,857855
KENEMA,KENEMA DISTRICT,DAMA,DANYADEJO,DIAMEI,DIAMEI MCHP,MCHP,263628,854736
KENEMA,KENEMA DISTRICT,GAURA,KOKORU,KOKORU,KOKORU CHP,MCHP,266505,843939
KENEMA,KENEMA DISTRICT,GAURA,JORU,JORU,JORU CHC,CHC,273327,850830
KENEMA,KENEMA DISTRICT,GAURA,GIEBU,VENIMA,VENIMA CHP,MCHP,278508,853933
KENEMA,KENEMA DISTRICT,GAURA,MENDEKELEMA,MENDEKELEMA,MENDEKELEMA CHP,MCHP,282008,858945
KENEMA,KENEMA DISTRICT,GAURA,SANDARU,SANDARU,SANDARU MCHP,MCHP,274857,859489
KENEMA,KENEMA DISTRICT,GAURA,KOKORU,PERRIE,PERRIE MCHP,MCHP,270676,847800
KENEMA,KENEMA DISTRICT,GAURA,GIEBU,TIKONKO,TIKONKO MCHP,MCHP,262505,847937
KENEMA,KENEMA DISTRICT,SMALL BO,GORAMA,TOBANDA,TOBANDA CHC,CHC,238818,863879
KENEMA,KENEMA DISTRICT,SMALL BO,FALLEY,LONDON,LONDON MCHP,MCHP,241971,870414
KENEMA,KENEMA DISTRICT,SMALL BO,SOWA,GELEHUN,GELEHUN MCHP,MCHP,236311,873726
KENEMA,KENEMA DISTRICT,SMALL BO,KAMBUMA,SARABU,SARABU CHP,CHP,247959,868864
KENEMA,KENEMA DISTRICT,SMALL BO,GORAMA,DOUJOU,DOUJOU CHP,CHP,233727,864055
KENEMA,KENEMA DISTRICT,SMALL BO,NIAWA,NYAGBE - BO,NYAGBE - BO MCHP,MCHP,241068,877926
KENEMA,KENEMA DISTRICT,SMALL BO,FALLEY,BLAMA,BLAMA CHC,CHC,241253,870870
KENEMA,KENEMA CITY,NONGOWA,GBO LAMBAYAMA,27 NYANDEYAMA NEW SITE,RALPH MINI HOSPITAL,PRIVATE HOSPITAL,257536,870818
KENEMA,KENEMA CITY,NONGOWA,GBO LAMBAYAMA,GBO LAMBAYAMA,GBO LAMBAYAMA MCHP,MCHP,257961,870210
KENEMA,KENEMA CITY,NONGOWA,GBO LAMBAYAMA,KENEMA TOWN,AHMADIYYA MISSION HOSPITAL,MISSION HOSPITAL,258755,872577
KENEMA,KENEMA CITY,NONGOWA,GBO LAMBAYAMA,NYANDEYAMA,NYANDEYAMA MCHP,MCHP,257711,870170
KENEMA,KENEMA CITY,NONGOWA,GBO LAMBAYAMA,20 MAXWELL KHOBE ST.,SIERRA LEONE RED CROSS,NGO CLINIC,258093,871335
KENEMA,KENEMA CITY,NONGOWA,GBO LAMBAYAMA,KOMENDE,KOMENDE MCHP,MCHP,278631,882929
KENEMA,KENEMA CITY,NONGOWA,GBO LAMBAYAMA,DEGBUAMA,DEGBUAMA MCHP,MCHP,256723,869809
KENEMA,KENEMA CITY,NONGOWA,GBO LAMBAYAMA,KONDEBORTIHUN,KONDEBORTIHUN MCHP,MCHP,259342,873775
KENEMA,KENEMA CITY,NONGOWA,GBO LAMBAYAMA,GBO-LAMBAYAMA,GBO-LAMBAYAMA MCHP 2,MCHP,257504,869503
KENEMA,KENEMA DISTRICT,NONGOWA,DAKPANA,TALIA,TALIA CHC,CHC,276086,890357
KENEMA,KENEMA DISTRICT,NONGOWA,DAKPANA,MASAAHUN,MASAAHUN MCHP,MCHP,283113,890443
KENEMA,KENEMA DISTRICT,NONGOWA,KONA KPINDEBU,HANGHA,HANGHA CHC,CHC,263617,878102
KENEMA,KENEMA DISTRICT,NONGOWA,KONA KPINDEBU,NGELEHUN,NGELEHUN CHC,CHC,267100,886277
KENEMA,KENEMA DISTRICT,NONGOWA,KONA KPINDEBU,BAMBAWULO,BAMBAWULO CHP,CHP,265030,885922
KENEMA,KENEMA DISTRICT,NONGOWA,KONA KPINDEBU,LARGO,LARGO CHC,CHC,267964,890843
KENEMA,KENEMA DISTRICT,NONGOWA,KONA FOIYA,VAAHUN,VAAHUN MCHP,MCHP,279161,887880
KENEMA,KENEMA CITY,NONGOWA,GBO-LAMBAYAMA,KENEMA TOWN,AFRICAN MUSLIM AGENCY CLINIC,NGO CLINIC,257215,869634
KENEMA,KENEMA DISTRICT,NONGOWA,KONA KPINDEBU,NIAHUN BUIMA,NIAHUN BUIMA MCHP,MCHP,268334,883753
KENEMA,KENEMA DISTRICT,NONGOWA,KAGBADO KAMBUIMA,PANDERU,PANDERU MCHP,MCHP,264514,880411
KENEMA,KENEMA DISTRICT,NONGOWA,DAGBANYA,JORMU,JORMU CHP,CHP,273849,879209
KENEMA,KENEMA DISTRICT,NONGOWA,DAGBANYA,POTEHUN,POTEHUN MCHP,MCHP,271336,881124
KENEMA,KENEMA DISTRICT,NONGOWA,DAGBANYA,KONABU,KONABU MCHP,MCHP,268098,873328
KENEMA,KENEMA DISTRICT,NONGOWA,DAGBANYA,NEKABO,NEKABO CHC,CHC,273241,876584
KENEMA,KENEMA DISTRICT,DODO,SEIWOH,MBOWOHUN,MBOWOHUN CHP,CHP,256060,896636
KENEMA,KENEMA DISTRICT,DODO,KORGAY,GUALA,GUALA MCHP,MCHP,253518,898808
KENEMA,KENEMA DISTRICT,DODO,BONYA,DODO,DODO CHC,CHC,260536,901735
KENEMA,KENEMA DISTRICT,DODO,GORAMA,KUNDORMA,KUNDORMA CHP,CHP,254838,897488
KENEMA,KENEMA CITY,NONGOWA,GBO KAKAJAMA,COMBEMA RD.,GOVERNMENT HOSPITAL,GOVT HOSPITAL,259062,871149
KENEMA,KENEMA CITY,NONGOWA,GBO KAKAJAMA,KPETEMA,KPETEMA MCHP,MCHP,259001,869009
KENEMA,KENEMA CITY,NONGOWA,GBO KAKAJAMA,KOYAGBEMA,KOYAGEMA MCHP,MCHP,257067,868091
KENEMA,KENEMA CITY,NONGOWA,GBO KAKAJAMA,KENEMA TOWN,UNDER FIVES CLINIC,UNDER 5S CLINIC,259063,871097
KENEMA,KENEMA CITY,NONGOWA,GBO KAKAJAMA,KENEMA TOWN,DAMA SURGERY,PRIVATE HOSPITAL,258562,870683
KENEMA,KENEMA CITY,NONGOWA,GBO KAKAJAMA,KENEMA TOWN,FRIENDS FOR LIFE CLINIC,NGO CLINIC,259138,872175
KENEMA,KENEMA CITY,NONGOWA,GBO KAKAJAMA,KPAYAMA 2,KPAYAMA MCHP,MCHP,259919,870318
KENEMA,KENEMA CITY,NONGOWA,GBO KAKAJAMA,KPAYAMA 1,KPAYAMA MCHP,MCHP,259681,870072
KENEMA,KENEMA CITY,NONGOWA,GBO KAKAJAMA,SAMAI TOWN,SAMAI TOWN MCHP,MCHP,259709,870234
KENEMA,KENEMA CITY,NONGOWA,GBO KAKAJAMA,TOKPOMBU,TOKPOMBU MCHP,MCHP,259014,869679
KENEMA,KENEMA CITY,NONGOWA,GBO KAKAJAMA,GBO KAKAJAMA 1,GBO KAKAJAMA 1 MCHP,MCHP,258184,870161
KENEMA,KENEMA CITY,NONGOWA,GBO KAKAJAMA,GBO KAKAJAMA 2,GBO KAKAJAMA 2 MCHP,MCHP,257191,869140
KENEMA,KENEMA CITY,NONGOWA,GBO KAKAJAMA,LANGO TOWN,LANGO TOWN MCHP,MCHP,258989,870839
KENEMA,KENEMA CITY,NONGOWA,GBO KAKAJAMA,BURMA 2,BURMA 2 MCHP,MCHP,260046,872794
KENEMA,KENEMA DISTRICT,MALEGOHUN,HULORHUN NJAGBUDOR,BENDOMA,BENDOMA MCHP,MCHP,291222,910218
KENEMA,KENEMA DISTRICT,MALEGOHUN,LOWER TORGBOMA,BENDU,BENDU CHC,CHC,282865,895886
KENEMA,KENEMA DISTRICT,MALEGOHUN,KONJOR NJAGOR,HELEGOMBU,HELEGOMBU MCHP,MCHP,293249,924930
KENEMA,KENEMA DISTRICT,MALEGOHUN,KONJO BUIMA,NGIEHUN KONJO,NGIEHUN KONJO CHP,CHP,291968,914543
KENEMA,KENEMA DISTRICT,KANDU LEPPIAMA,KARGA,LEVUMA,LEVUMA CHC,CHC,244300,881373
KENEMA,KENEMA DISTRICT,KANDU LEPPIAMA,BORLEH,SEMBEHUN,SEMBEHUN MCHP,MCHP,243428,887333
KENEMA,KENEMA DISTRICT,KANDU LEPPIAMA,SONNIE,GBADO,GBADO MCHP,MCHP,248954,886217
KENEMA,KENEMA DISTRICT,KANDU LEPPIAMA,SONNIE,DEIMA,DEIMA MCHP,MCHP,250934,882538
KENEMA,KENEMA DISTRICT,KANDU LEPPIAMA,BORLEH,BAOMA OIL MILL,BAOMA OIL MILL CHC,CHC,243392,889686
KENEMA,KENEMA DISTRICT,WANDOR,KEMOH,BAAMA,BAAMA CHC,CHC,243074,924722
KENEMA,KENEMA DISTRICT,WANDOR,GBOGBEIMA,BAMBARA,BAMBARA MCHP,MCHP,241669,920039
KENEMA,KENEMA DISTRICT,WANDOR,SONGAI,FAALA,FAALA CHP,CHP,237642,916730
KENEMA,KENEMA DISTRICT,WANDOR,SONGAI,GENDEMA,GENDEMA MCHP,MCHP,241357,910813
KENEMA,KENEMA DISTRICT,NIAWA,BANDAWOR,BANDAWOR,BANDAWOR MCHP,MCHP,238943,858592
KENEMA,KENEMA DISTRICT,NIAWA,MABORDOR,GANDORHUN,GANDORHUN CHP,MCHP,229809,842474
KENEMA,KENEMA DISTRICT,NIAWA,NIAWA,SENDUMEI,SENDUMEI CHC,CHC,236736,853391
KENEMA,KENEMA DISTRICT,NOMO,FAAMA,FAAMA,FAAMA CHP,CHP,279653,832254
KENEMA,KENEMA DISTRICT,KOYA,SERABU,SERABU,SERABU CHP,CHP,240622,841085
KENEMA,KENEMA DISTRICT,KOYA,JOI,JOI,JOI CHP,CHP,246244,846100
KENEMA,KENEMA DISTRICT,KOYA,UPPER KOYA,NYANDEHUN,NYANDEHUN MCHP,MCHP,252016,841698
KENEMA,KENEMA DISTRICT,KOYA,UPPER KOYA,BONGOR,BONGOR MCHP,MCHP,247378,841858
KENEMA,KENEMA DISTRICT,KOYA,LOWER KOYA,BAOMA KOYA,BAOMA KOYA CHC,CHC,245802,835394
KENEMA,KENEMA DISTRICT,SIMBARU,YALENGA,GBAGEIMA,GBAGEIMA MCHP,MCHP,245938,904083
KENEMA,KENEMA DISTRICT,SIMBARU,YALENGA,BOAJIBU,BOAJIBU CHC,CHC,241928,905727
KENEMA,KENEMA DISTRICT,GORAMA MENDE,KUALAY,NGEGBOIYA,NGEGBOIYA MCHP,MCHP,222510,941598
KENEMA,KENEMA DISTRICT,GORAMA MENDE,KAKLAWA,KONTA,KONTA CHP,CHP,243001,926992
KENEMA,KENEMA DISTRICT,GORAMA MENDE,FAMANJO,BAMBARA KAIMA,BAMBARA KAIMA CHP,CHP,244117,937893
KENEMA,KENEMA DISTRICT,GORAMA MENDE,FAMANJO,PUNDURU,PUNDURU CHP,CHP,247811,938252
KENEMA,KENEMA DISTRICT,GORAMA MENDE,BIATONG,MONDEMA,MONDEMA CHC,CHC,231480,937395
KENEMA,KENEMA DISTRICT,GORAMA MENDE,KUALAY,TUNGEI,TUNGEI CHC,CHC,224042,931164
MOYAMBA,MOYAMBA DISTRICT,KOWA,NJAGBAHUN,MOFOMBO,MOFOMBO MCHP,MCHP,180737,900493
MOYAMBA,MOYAMBA DISTRICT,KOWA,NJAMA,NJAMA,NJAMA CHC,CHC,175817,894566
MOYAMBA,MOYAMBA DISTRICT,KAMAJEI,TAWOVEHUN,SENEHUN,SENEHUN CHC,CHC,175212,904206
MOYAMBA,MOYAMBA DISTRICT,KAMAJEI,KOWAMA,GONDAMA KAMAJEI,GONDAMA KAMAJEI MCHP,MCHP,182956,910854
MOYAMBA,MOYAMBA DISTRICT,KAMAJEI,MOGBUAMA,MOGBUAMA,MOGBUAMA MCHP,MCHP,181056,908333
BONTHE,BONTHE DISTRICT,BUM,FIKIE,SOGBALLEH,SOGBALLEH MCHP,MCHP,175714,823839
BONTHE,BONTHE DISTRICT,BUM,KOMATO,MAMMI,MAMMI CHP,CHP,170384,829321
BONTHE,BONTHE DISTRICT,KWAMEBAI KRIM,YIKIE KARBAY,BENDUMA,BENDUMA CHC,CHC,172865,804318
BONTHE,BONTHE DISTRICT,KWAMEBAI KRIM,TUBLA,TOPAN,TOPAN CHP,CHP,176197,806419
BO,BO DISTRICT,BUMPE NGAO,BUMPEH,BUMPEH,BUMPEH CHC,CHC,179835,873180
BO,BO DISTRICT,BUMPE NGAO,SEWAMA,MOKOBA,MOKOBA MCHP,MCHP,174799,858677
BO,BO DISTRICT,BUMPE NGAO,SEWAMA,KANIYA,KANIYA MCHP,MCHP,169697,850293
BO,BO DISTRICT,BUMPE NGAO,KPETEMA,KPETEMA,KPETEMA CHP,CHP,170051,865594
BO,BO DISTRICT,BUMPE NGAO,SEWAMA,MOKPENDEH,MOKPENDEH MCHP,MCHP,174498,853584
BO,BO DISTRICT,LUGBU,KARGBEVU,SUMBUYA,SUMBUYA CHC,CHC,172957,847002
BO,BO DISTRICT,LUGBU,KAMBA,FEIBA,FEIBA CHP,CHP,177628,850253
BO,BO DISTRICT,LUGBU,MARGBAO,HEIMA,HEIMA MCHP,MCHP,179885,856480
BO,BO DISTRICT,LUGBU,GAO,UPPER SAAMA,UPPER SAAMA MCHP,MCHP,184266,848616
BO,BO DISTRICT,LUGBU,YORMA,KPETEWOMA,KPETEWOMA CHP,CHP,189434,855982
BO,BO DISTRICT,LUGBU,KEMOH,NGEIYEHUN,NGEIYEHUN MCHP,MCHP,183199,851582
BO,BO DISTRICT,LUGBU,MARGBAO,KARLEH,KARLEH MCHP,MCHP,185709,854258
BO,BO DISTRICT,LUGBU,GAO,BONTIWO,BONTIWO MCHP,MCHP,189747,850168
BO,BO CITY,KAKUA,KOWAMA,BO CITY,TEACHING HEALTH CENTRE,CHC,196972,879784
BO,BO CITY,KAKUA,SHELLMINGO,BO CITY,BUCKSAL PRIMARY HEALTH UNIT,MCHP,199469,878678
BO,BO CITY,KAKUA,SEWA ROAD,BO CITY,ST. MONICA'S CLINIC,MISSION HOSPITAL,198885,879661
BO,BO CITY,KAKUA,MESSIMA,BO CITY,MESSIMA COMMUNITY HOSPITAL,CHC,199858,879745
BO,BO CITY,KAKUA,BORBORCOMBO,BO CITY,HARVEST TIME CLINIC,MISSION HOSPITAL,199616,881985
BO,BO CITY,KAKUA,MESSIMA,BO CITY,EL-SHADDAI MEDICAL CLINIC,PRIVATE CLINIC,198986,879737
BO,BO CITY,KAKUA,SHELLMINGO,BO CITY,MANJAMA CHC,CHC,199158,879073
BO,BO CITY,KAKUA,NEW LONDON,BO CITY,LYN CHC,CHC,195819,880707
BO,BO CITY,KAKUA,NEW LONDON,BO CITY,FULLAWAHUN CHC,CHC,195625,880480
BO,BO CITY,KAKUA,NEW LONDON,BO CITY,SAM LEAN'S MATERNITY CLINIC,PRIVATE CLINIC,196182,880552
BO,BO CITY,KAKUA,HANGA TOWN,BO CITY,PRAISE FOUNDATION HEALTH CENTRE,PRIVATE CLINIC,197873,881490
BO,BO CITY,KAKUA,TENGBEWABU,BO CITY,TENGBEWABU MCHP,MCHP,199947,879448
BO,BO CITY,KAKUA,KISSY TOWN,BO CITY,MARIE STOPES,NGO CLINIC,197966,881653
BO,BO CITY,KAKUA,KORTIGBUMA,BO CITY,MCH STATIC,MCHP,197591,881444
BO,BO CITY,KAKUA,NEW YORK,BO CITY,MID-LAND CLINIC,PRIVATE CLINIC,194789,881676
BO,BO CITY,KAKUA,KISSY TOWN,BO CITY,TAMARANEH PRIMARY HEALTH POST,MCHP,197915,881685
BO,BO CITY,KAKUA,NEW YORK,BO CITY,FATIBRA COMMUNITY HEALTH CLINIC,CHC,195576,881428
BO,BO CITY,KAKUA,SEWA,BO CITY,MASSAH MEMORIAL METERNITY CLINIC,PRIVATE CLINIC,201746,879549
BO,BO CITY,KAKUA,SALINA,BO CITY,NEW POLICE BARRACKS CHC,CHC,200429,879807
BO,BO CITY,KAKUA,NGUABU,BO CITY,NDUVUIBU MCHP,MCHP,199063,883360
BO,BO CITY,KAKUA,YEMOH TOWN,BO CITY,YEMOH TOWN CHC,CHC,199752,881327
BO,BO CITY,KAKUA,CORONATION FIELD,BO CITY,CORONATION FIELD CHC,CHC,197713,880650
BO,BO CITY,KAKUA,MOLEIMY TOWN,BO CITY,NAFAYA CLINIC AND MATERNITY HOME,PRIVATE CLINIC,198773,879045
BO,BO CITY,KAKUA,BO NUMBER TWO,BO CITY,GBORTIMA CLINIC,PRIVATE CLINIC,199090,882158
BO,BO CITY,KAKUA,SAMAMIE,BO CITY,LOWER NGUABU CLINIC,PRIVATE CLINIC,198349,881602
BO,BO CITY,KAKUA,FARGORYA,BO CITY,UNIMUS MCH CLINIC,PRIVATE CLINIC,199992,880525
BO,BO CITY,KAKUA,MESSIMA,BO CITY,NEEDY COMMUNITY DEVELOPMENT CLIN,NGO CLINIC,199666,879774
BO,BO DISTRICT,TIKONKO,SEIWA,KAINDEYEILA,HOLY MARY HOSPITAL,MISSION HOSPITAL,199614,877744
BO,BO CITY,KAKUA,MORIBA TOWN,BO CITY,KPOLIE'S CLINIC,PRIVATE CLINIC,198534,880660
BO,BO CITY,KAKUA,SAMAMIE,BO CITY,GBANJA TOWN MCHP,MCHP,197562,884166
BO,BO DISTRICT,KAKUA,NYAWA,FENGEHUN,FENGEHUN MCHP,MCHP,214086,882719
BO,BO DISTRICT,KAKUA,SAMAMIE,MANGUAMA,MANGUAMA CHP,CHP,205002,886879
BO,BO DISTRICT,KAKUA,NYALLAY,BANDAJUMA,BANDAJUMA MCHP,MCHP,206029,878906
BO,BO DISTRICT,KAKUA,SAMAMIE,GBONGBOMA,GBONGBOMA MCHP,MCHP,192849,888734
BO,BO DISTRICT,KAKUA,SAMAMIE,MANJAMA,MANJAMA CHC,CHC,199207,886906
BO,BO DISTRICT,VALUNIA,LUNIA,MONGHERE,MONGHERE CHC,CHC,198767,921023
BO,BO DISTRICT,VALUNIA,DEILENGA,BAOMA,BAOMA CHP,CHP,206230,931349
BO,BO DISTRICT,VALUNIA,LUNIA,GRIMA,GRIMA CHP,CHP,203609,911533
BO,BO DISTRICT,VALUNIA,SEILENGA,FOYA,FOYA CHP,CHP,213795,917000
BO,BO DISTRICT,VALUNIA,NGOVO,KPUABU,KPUABU MCHP,MCHP,197685,906551
BO,BO DISTRICT,VALUNIA,SEILENGA,JALIHUN,JALIHUN CHC,CHC,208049,915542
BO,BO DISTRICT,VALUNIA,DEILENGA,KPEWAMA,KPEWAMA MCHP,MCHP,218887,921946
BO,BO DISTRICT,VALUNIA,YARLENGA,GOLAHUN JABATY,GOLAHUN JABATY MCHP,MCHP,213678,909600
BO,BO DISTRICT,KOMBOYA,SEI,NJALA,NJALA CHC,CHC,229009,907315
BO,BO DISTRICT,KOMBOYA,TONGOWA,TEIBOR,TEIBOR MCHP,MCHP,221954,912273
BO,BO DISTRICT,KOMBOYA,KESSUA,KOMBOYA GBAUJA,KOMBOYA GBAUJA MCHP,MCHP,223611,907649
BO,BO DISTRICT,BADJIA,KPALLEY,NJANDAMA,NJANDAMA MCHP,MCHP,230005,889483
BO,BO DISTRICT,BADJIA,DAMAI,NGELEHUN,NGELEHUN CHC,CHC,233243,896567
BO,BO DISTRICT,BAGBE,JONGO,KONDIAMA,KONDIAMA MCHP,MCHP,224874,891426
BO,BO DISTRICT,BAGBE,KEMOH,BENDUMA,BENDUMA MCHP,MCHP,222050,888045
BO,BO DISTRICT,BAGBE,NIAWA,BALIE,BALIE MCHP,MCHP,214980,887355
BO,BO DISTRICT,BAGBE,NYALLEY,NGALU,NGALU CHC,CHC,218170,897065
BO,BO DISTRICT,BAGBE,SAMAWA,MENDEWA,MENDEWA MCHP,MCHP,226300,902831
BO,BO DISTRICT,BAOMA,SONNAH,FAABU,FAABU CHP,CHP,219478,869298
BO,BO DISTRICT,BAOMA,UPPER PATALOO,GBAHAMA,GBAHAMA MCHP,MCHP,242237,890019
BO,BO DISTRICT,BAOMA,LOWER PATALOO,BLAMAWO,BLAMAWO MCHP,MCHP,221935,879615
BO,BO DISTRICT,BAOMA,LOWER PATALOO,YAMANDU,YAMANDU CHC,CHC,225562,877844
BO,BO DISTRICT,BAOMA,LOWER PATALOO,MBUNDUBU,MBUNDUBU MCHP,MCHP,223152,876678
BO,BO DISTRICT,BAOMA,SONNAH,TUNGBEBU,TUNGBEBU CHP,CHP,220368,871595
BO,BO DISTRICT,BAOMA,MAWUJEH,KIGBAI,KIGBAI MCHP,MCHP,223853,870731
BO,BO DISTRICT,BAOMA,MAWUJEH,PELEWAHUN NGIEBU,PELEWAHUN NGIEBU MCHP,MCHP,228902,872415
BO,BO DISTRICT,BAOMA,NJEIMA,JEMBE,JEMBE CHC,CHC,232282,876194
BO,BO DISTRICT,BAOMA,UPPER PATALOO,YAKAJI,YAKAJI MCHP,MCHP,232405,885559
BO,BO DISTRICT,BAOMA,FALLAY,BAOMA STATION,BAOMA STATION CHC,CHC,231173,877265
BO,BO DISTRICT,BAOMA,BAMBAWU,JORMU,JORMU MCHP,MCHP,210223,871013
BO,BO DISTRICT,BAOMA,BAMBAWU,GOLU,GOLU MCHP,MCHP,219460,874640
BO,BO DISTRICT,BAOMA,BAMBAWU,GERIHUN,GERIHUN CHC,CHC,215969,877465
BO,BO DISTRICT,SELENGA,MORKPENDE,DAMBALLA,DAMBALLA CHC,CHC,202026,898661
BO,BO DISTRICT,SELENGA,KADUWA,GBANGBA,GBANGBA MCHP,MCHP,196110,898765
BO,BO DISTRICT,NIAWA LENGA,YALENGA,SAHN,SAHN CHC,CHC,213712,902699
BO,BO DISTRICT,NIAWA LENGA,LOWER NIAWA,NENGBEMA,NENGBEMA CHC,MCHP,207652,899291
BO,BO DISTRICT,NIAWA LENGA,UPPER NIAWA,NGOGBEBU,NGOGBEBU MCHP,MCHP,218977,909034
BO,BO DISTRICT,WUNDE,UPPER KARGOI,GBOYAMA,GBOYAMA CHC,CHC,232301,861144
BO,BO DISTRICT,WUNDE,MANYEH,FANIMA,FANIMA CHP,CHP,221202,852152
BO,BO DISTRICT,WUNDE,LOWER KARGOI,BATHURST,BATHURST MCHP,MCHP,205059,844822
BO,BO DISTRICT,GBO,GBO,BAIIMA,BAIIMA CHC,CHC,185964,897479
BO,BO DISTRICT,TIKONKO,NJAGBLA II,GONDAMA,GONDAMA CHC,CHC,201503,870416
BO,BO DISTRICT,TIKONKO,SENDEH,SEMBEHUN 17,SEMBEHUN 17 CHP,CHP,199510,860968
BO,BO DISTRICT,TIKONKO,MAMBAWA,KASSAMA,KASSAMA MCHP,MCHP,187688,862598
BO,BO DISTRICT,TIKONKO,NGOLAMAJIE,MATTRU ON THE RAIL,MATTRU ON THE RAIL MCHP,MCHP,192558,879038
BO,BO DISTRICT,TIKONKO,BAINYAWA,GRIMA,GRIMA MCHP,MCHP,197934,851574
BO,BO DISTRICT,TIKONKO,SEIWA,TINKONKO,TINKONKO CHC,CHC,193300,871890
BO,BO DISTRICT,BAGBO,NIAGOREHUN,NIAGOREHUN,NIAGOREHUN CHP,CHP,194592,850097
BO,BO DISTRICT,BAGBO,JIMMI,JIMMI,JIMMI CHC,MCHP,189283,841783
BO,BO DISTRICT,BAGBO,MANO YORGBO,MANO YORGBO,MANO YORGBO MCHP,MCHP,183370,836516
BO,BO DISTRICT,BAGBO,BUM,BUMKAKU,BUMKAKU MCHP,MCHP,182409,830653
BO,BO DISTRICT,BAGBO,KPANGBALIA,KPANGBALIA,KPANGBALIA MCHP,MCHP,179824,838445
BO,BO DISTRICT,BAGBO,NGOLAPON,KASSE,KASSE MCHP,MCHP,177744,834176
BO,BO DISTRICT,BAGBO,TISANA,MOMAJO,MOMAJO MCHP,MCHP,175735,838442
BO,BO DISTRICT,JAIAMA BONGOR,LOWER NIAWA,MANO-JAIAMA,MANO-JAIAMA CHP,MCHP,211721,857448
BO,BO DISTRICT,JAIAMA BONGOR,UPPRY KAMA,KORIBONDO,KORIBONDO CHC,CHC,202859,853331
BO,BO DISTRICT,JAIAMA BONGOR,UPPER NIAWA,NIANYAHUN,NIANYAHUN CHP,MCHP,223270,865840
BO,BO DISTRICT,JAIAMA BONGOR,UPPER BAIMBA,TELU,TELU CHP,CHP,208970,863381
BO,BO DISTRICT,JAIAMA BONGOR,TONGOWA,GBAAMA,GBAAMA MCHP,MCHP,211817,867391
KOINADUGU,KOINADUGU DISTRICT,DEMBELIA SINKUNIA,MANAN,MANANKON,MANANKON MCHP,MCHP,226271,1079269
KOINADUGU,KOINADUGU DISTRICT,DEMBELIA SINKUNIA,MAWUNDEA,FOLA MASA II,FOLA MASA II MCHP,MCHP,226790,1103613
KOINADUGU,KOINADUGU DISTRICT,DEMBELIA SINKUNIA,SINKUNA,SUNKUNIA,SUNKUNIA CHC,CHC,231625,1097250
KOINADUGU,KOINADUGU DISTRICT,DEMBELIA SINKUNIA,SINKUNIA,GBINDI,GBINDI MCHP,MCHP,231775,1097521
KOINADUGU,KOINADUGU DISTRICT,DIANG,DARAKURU,FORIA,FORIA MCHP,MCHP,229968,1023425
KOINADUGU,KOINADUGU DISTRICT,DIANG,GBENEKORO,YARA,YARA MCHP,MCHP,216156,1025710
KOINADUGU,KOINADUGU DISTRICT,DIANG,KANIA,KANIA,KANIA MCHP,MCHP,213266,1019422
KOINADUGU,KOINADUGU DISTRICT,DIANG,KONDEBAIA,KONDEBAIA,KONDEBAIA CHC,CHC,218159,1038108
KOINADUGU,KOINADUGU DISTRICT,DIANG,LENGOKORO,LENGOKORO,LENGOKORO MCHP,MCHP,206275,1047590
KOINADUGU,KOINADUGU DISTRICT,FOLOSABA DAMBELIA,MUSAIA,MUSAIA,MUSAIA CHP,CHP,217979,1049400
KOINADUGU,KOINADUGU DISTRICT,FOLOSABA DEMBELIA,DOGOLOYA,DOGOLOYA,DOGOLOYA CHP,CHP,220264,1073962
KOINADUGU,KOINADUGU DISTRICT,FOLOSABA DEMBELIA,KALIA,GBENTU HAFIA,GBENTU HAFIA CHP,CHP,209925,1100209
KOINADUGU,KOINADUGU DISTRICT,FOLOSABA DEMBELIA,MUSAIA,HAMADALAI SELLA,HAMADALAI SELLA MCHP,MCHP,217018,1090699
KOINADUGU,KOINADUGU DISTRICT,KASUNKO,FADUGU,FADUGU,FADUGU CHC,CHC,196019,1039325
KOINADUGU,KOINADUGU DISTRICT,KASUNKO,GBONKOBOR,MADINA GBONKOBOR,MADINA GBONKOBOR MCHP,MCHP,184679,1053631
KOINADUGU,KOINADUGU DISTRICT,KASUNKO,GBONKOBOR,SAWURIA,SAWURIA MCHP,MCHP,191867,1049417
KOINADUGU,KOINADUGU DISTRICT,KASUNKO,KAKALLAIN,KAGBASIA,KAGBASIA MCHP,MCHP,194816,1031794
KOINADUGU,KOINADUGU DISTRICT,KASUNKO,TAMSO II,KASANIKORO,KASANIKORO MCHP,MCHP,194816,1031794
KOINADUGU,KOINADUGU DISTRICT,MONGO,DELDUGU,MASADUKURA,MASADUKURA MCHP,MCHP,309052,1035601
KOINADUGU,KOINADUGU DISTRICT,MONGO,MAKALIA,KAMARON,KAMARON MCHP,MCHP,234333,1033567
KOINADUGU,KOINADUGU DISTRICT,MONGO,MONGO I,MONGO BENDUGU,MONGO BENDUGU,CHC,284993,1054358
KOINADUGU,KOINADUGU DISTRICT,MONGO,MONGO II,SERIA,SERIA MCHP,MCHP,288826,1046850
KOINADUGU,KOINADUGU DISTRICT,MONGO,MONGO II,WOLIO,WOLIO MCHP,MCHP,284522,1039325
KOINADUGU,KOINADUGU DISTRICT,MONGO,MORIEFEDUGU,GBEREFEH,GBEREFEH MCHP,MCHP,264468,1055013
KOINADUGU,KOINADUGU DISTRICT,MONGO,MURFUNDU,KOMBUI,KOMBUI MCHP,MCHP,269169,1072034
KOINADUGU,KOINADUGU DISTRICT,MONGO,MUROFUDU,SEREKOUA,SEREKOUA MCHP,MCHP,272007,1055013
KOINADUGU,KOINADUGU DISTRICT,NEYA,NEYA 2,PANPON,PANPON MCHP,MCHP,294151,1007165
KOINADUGU,KOINADUGU DISTRICT,NEYA,NEYA I,KURUBONLA,KURUBONLA CHC,CHC,285749,1016678
KOINADUGU,KOINADUGU DISTRICT,NEYA,NEYA I,MANSOFINIA,MANSOFINIA MCHP,MCHP,276043,1004419
KOINADUGU,KOINADUGU DISTRICT,NIENI,BARAWA,FIRAWA,FIRAWA CHC,CHC,243242,1035468
KOINADUGU,KOINADUGU DISTRICT,NIENI,KALIAN,ALIKALIA,ALIKALIA MCHP,MCHP,237544,1012071
KOINADUGU,KOINADUGU DISTRICT,NIENI,SUMBARIA,SUMBARIA,SUMBARIA MCHP,MCHP,243490,977258
KOINADUGU,KOINADUGU DISTRICT,NIENI,YIFFIN,FANGOYA,FANGOYA MCHP,MCHP,249298,991450
KOINADUGU,KOINADUGU DISTRICT,NIENI,YIFFIN,YIFFIN,YIFFIN CHC,CHC,250541,1009179
KOINADUGU,KOINADUGU DISTRICT,SENGBEH,BENDUGU,KONDEYA,KONDEYA MCHP,MCHP,222417,1058006
KOINADUGU,KOINADUGU DISTRICT,SENGBEH,HEREMAKONO,GBENIKORO,GBENIKORO MCHP,MCHP,228902,1064687
KOINADUGU,KOINADUGU DISTRICT,SENGBEH,KOINADUGU,KOINADUGU II,KOINADUGU II MCHP,MCHP,239842,1054398
KOINADUGU,KOINADUGU DISTRICT,SENGBEH,LOWER KAMADUGU,KAMADUGU SOKURELA,KAMADUGU SOKURELA MCHP,MCHP,227476,1044782
KOINADUGU,KOINADUGU DISTRICT,SENGBEH,UPPER KAMADUGU,DANKAWALIE,DANKAWALIE MCHP,MCHP,244349,1065557
KOINADUGU,KOINADUGU DISTRICT,SENGBEH,YIRAIA,YIRAIA,YIRAIA CHP,CHP,252413,1045644
KOINADUGU,KOINADUGU DISTRICT,SENGBEH,YOGOMAYA,18 MUSAIA ROAD KABALA,RED CROSS CLINIC,NGO CLINIC,219878,1061289
KOINADUGU,KOINADUGU DISTRICT,SENGBEH,YOGOMAYA,KABALA,KABALA,PRIVATE CLINIC,219775,1061587
KOINADUGU,KOINADUGU DISTRICT,SERGBEH,YOGOMAYA,27 FOREST RD KABALA TOWN,27 FOREST RD KABALA TOWN,PRIVATE CLINIC,219863,1061574
KOINADUGU,KOINADUGU DISTRICT,SULIMA,FALABA,FALABA,FALABA CHC,CHC,245505,1090478
KOINADUGU,KOINADUGU DISTRICT,SULIMA,GANYA,GANYA,GANYA MCHP,MCHP,249572,1098807
KOINADUGU,KOINADUGU DISTRICT,SULIMA,GBERIA TIMBAKO,GBERIA TIMBAKO,GBERIA TIMBAKO MCHP,MCHP,259099,1079168
KOINADUGU,KOINADUGU DISTRICT,SULIMA,KALIYAREH,KALIYAREH,KALIYAREH MCHP,MCHP,259678,1102468
KOINADUGU,KOINADUGU DISTRICT,SULIMA,KOINDU-KURA,KOINDU-KURA,KOINDU-KURA MCHP,MCHP,262452,1092699
KOINADUGU,KOINADUGU DISTRICT,WARA WARA BAFODIA,BAFODIA,BAFODIA,BAFODIA CHC,CHC,200212,1071640
KOINADUGU,KOINADUGU DISTRICT,WARA WARA BAFODIA,KAKOYA,KAKOYA,KAKOYA MCHP,MCHP,207590,1073037
KOINADUGU,KOINADUGU DISTRICT,WARA WARA BAFODIA,TAELIA,TAELIA,TAELIA MCHP,MCHP,192155,1102058
KOINADUGU,KOINADUGU DISTRICT,WARA WARA YAGALA,SENEKAEDUGU,SENEKAEDUGU,SENEKAEDUGU MCHP,MCHP,219817,1064953
KOINADUGU,KOINADUGU DISTRICT,WARA WARA YAGALA,YAGALA,KABALA,KABALA GOVT HOSP,GOVT HOSPITAL,220340,1060805
KOINADUGU,KOINADUGU DISTRICT,WARA WARA YAGALA,YAGALA,KABALA,KABALA CHC,CHC,220226,1060843
KOINADUGU,KOINADUGU DISTRICT,WARA WARA YAGALA,YATAYA,YATAYA,YATAYA MCHP,MCHP,215780,1059107
KAILAHUN,KAILAHUN DISTRICT,DEA,BAIWALLA,BAIWALA,BAIWALA CHP,CHP,318396,884174
KAILAHUN,KAILAHUN DISTRICT,DEA,DODO,MAGBEMA,MAGBEMA CHP,CHP,315485,876984
KAILAHUN,KAILAHUN DISTRICT,DEA,KAIGULA,SINGA,SINGA CHP,CHP,320525,877806
KAILAHUN,KAILAHUN DISTRICT,JAWIE,KIOA,KAMBAMA,KAMBAMA CHP,CHP,291392,874211
KAILAHUN,KAILAHUN DISTRICT,JAWIE,LOWER GIEBU,NYEAMA,NYEAMA CHP,CHP,285974,864384
KAILAHUN,KAILAHUN DISTRICT,JAWIE,LOWER LUYENGEH,PAWEMA,PAWEMA CHP,CHP,280294,866810
KAILAHUN,KAILAHUN DISTRICT,JAWIE,MANO,KORTUMA,KORTUMA MCHP,MCHP,298053,875966
KAILAHUN,KAILAHUN DISTRICT,JAWIE,SOWA,BOMBOMHUN,BOMBOMHUN MCHP,MCHP,297482,880267
KAILAHUN,KAILAHUN DISTRICT,JAWIE,SOWA,DARU,DARU CHC,CHC,296719,883657
KAILAHUN,KAILAHUN DISTRICT,JAWIE,UPPER LUYENGEH,PELLI,PELLIE CHC,CHC,284136,868536
KAILAHUN,KAILAHUN DISTRICT,KISSI KAMA,KAMA TOH,DIA,DIA CHP,CHP,344834,927095
KAILAHUN,KAILAHUN DISTRICT,KISSI TENG,LEILA,BAYAMA,BAYAMA CHP,CHP,340747,918754
KAILAHUN,KAILAHUN DISTRICT,KISSI TONGI,BANDE BENGU,SANDIA,SANDIA CHP,CHP,356152,927385
KAILAHUN,KAILAHUN DISTRICT,KISSI TONGI,TONGI TINGI,DAWA,DAWA MCHP,CHP,354835,913019
KAILAHUN,KAILAHUN DISTRICT,KISSI TONGI,TONGI TINGI,GBANDIWULO,GBANDIWULO CHP,CHP,348101,903170
KAILAHUN,KAILAHUN DISTRICT,KISSI TONGI,TONGI TINGI,MADOPOLAHUN,MADOPOLAHUN MCHP,MCHP,355014,908022
KAILAHUN,KAILAHUN DISTRICT,KISSI TONGI,TONGI TINGI,VAAHUN,VAAHUN MCHP,MCHP,352149,910016
KAILAHUN,KAILAHUN DISTRICT,KISSY TENG,BUMASADU,KANGAMA,KANGAMA CHP,CHP,347863,921990
KAILAHUN,KAILAHUN DISTRICT,KISSY TENG,TOLI,KOINDU,KOINDU CHC,CHC,352585,935576
KAILAHUN,KAILAHUN DISTRICT,KISSY TONGI,KONIO,BUEDU,BUEDU CHC,CHC,348859,915041
KAILAHUN,KAILAHUN DISTRICT,LAUWA,GBELLA,GBALAHUN,GBALAHUN CHP,CHP,336030,912705
KAILAHUN,KAILAHUN DISTRICT,LAUWA,LUAWA FOGUIYA,BANDAJUMA,BANDAJUMA MCHP,MCHP,325335,909064
KAILAHUN,KAILAHUN DISTRICT,LAUWA,UPPER KPOMBALI,NYADEHUN,NYADEHUN CHP,CHP,336569,907160
KAILAHUN,KAILAHUN DISTRICT,LUAWA,BAOMA,BAOMA,BAOMA MCHP,MCHP,317564,915298
KAILAHUN,KAILAHUN DISTRICT,LUAWA,GAO,GBEWORBU,GBEWORBU CHP,CHP,328358,897976
KAILAHUN,KAILAHUN DISTRICT,LUAWA,GBELLA,DODO KORTUMA,DODO KORTUMA CHP,CHP,344012,912599
KAILAHUN,KAILAHUN DISTRICT,LUAWA,GBELLA,SANDEYALU,SANDEYALU MCHP,MCHP,339276,917651
KAILAHUN,KAILAHUN DISTRICT,LUAWA,LUAWA FOGUIYA,KAILAHUN TOWN,(UNDER FIVE) CHP,CHP,326713,915116
KAILAHUN,KAILAHUN DISTRICT,LUAWA,LUAWA FOGUIYA,KAILAHUN TOWN,GOVERNMENT HOSPITAL,GOVT HOSPITAL,327443,915244
KAILAHUN,KAILAHUN DISTRICT,LUAWA,LUAWA NGIEHUN,NGIEHUN,NGIEHUN CHC,CHC,318504,906883
KAILAHUN,KAILAHUN DISTRICT,LUAWA,MANO SEWALU,MANO SEWALU,MANO SEWALU CHP,CHP,335626,921567
KAILAHUN,KAILAHUN DISTRICT,LUAWA,MENDE BUIMA,MENDE BUIMA,MENDE BUIMA MCHP,MCHP,313286,906706
KAILAHUN,KAILAHUN DISTRICT,LUAWA,MOFINDOR,MOFINDOR,MOFINDOR CHP,CHP,323909,920956
KAILAHUN,KAILAHUN DISTRICT,LUAWA,UPPER KPOMBALI,GIEMA,GIEMA MCHP,MCHP,327726,904132
KAILAHUN,KAILAHUN DISTRICT,LUAWA,UPPER KPOMBALI,KOJO,KOJO CHP,CHP,341650,907015
KAILAHUN,KAILAHUN DISTRICT,MALEMA,NGAGBLA,FOBU,FOBU MCHP,MCHP,317436,869612
KAILAHUN,KAILAHUN DISTRICT,MALEMA,POLEGBAMBEYA,BUMPEH,BUMPEH CHP,CHP,300043,860172
KAILAHUN,KAILAHUN DISTRICT,MALEMA,POLEGBAMBEYA,MADINA,MADINA MCHP,MCHP,300163,860311
KAILAHUN,KAILAHUN DISTRICT,MALEMA,UPPER SAMI,JOJOIMA,JOJOIMA CHC,CHC,302966,871091
KAILAHUN,KAILAHUN DISTRICT,MALEMA,UPPER SAMI,NJAMA,NJAMA MCHP,MCHP,300053,865506
KAILAHUN,KAILAHUN DISTRICT,MANDU,GBONGRA,BAIIMA,BAIIMA CHP,CHP,305509,887956
KAILAHUN,KAILAHUN DISTRICT,MANDU,LOWER KUIVA,YOYAH,YOYAH MCHP,MCHP,305163,876989
KAILAHUN,KAILAHUN DISTRICT,MANDU,NGAGBLA,LEVUMA,LEVUMA CHP,CHP,309757,888788
KAILAHUN,KAILAHUN DISTRICT,MANDU,UPPER KUIVA,MOBAI,MOBAI CHC,CHC,306780,883872
KAILAHUN,KAILAHUN DISTRICT,MANDU,UPPER KUIVA,MOBAI,EASTERN CLINIC,PRIVATE CLINIC,306959,883304
KAILAHUN,KAILAHUN DISTRICT,NJALUAHUN,BOMBOWA,LALEIHUN KOVOMA,LALEIHUN KOVOMA CHC,CHC,289693,896379
KAILAHUN,KAILAHUN DISTRICT,NJALUAHUN,DAN SEI,BANDAJUMA KPOLIHUN,BANDAJUMA KPOLIHUN CHP,CHP,290783,887215
KAILAHUN,KAILAHUN DISTRICT,NJALUAHUN,FAUYA,NYANDEHUN NGOVOIHUN,NYANDEHUN NGOVOIHUN CHP,CHP,279414,875935
KAILAHUN,KAILAHUN DISTRICT,NJALUAHUN,JONGA,GBEIKA,GBIEKA MCHP,MCHP,297600,890256
KAILAHUN,KAILAHUN DISTRICT,NJALUAHUN,KEIMAYA,PENDEMBU NJEIGBLA,PENDEMBU NJEIGBLA MCHP,MCHP,287641,879061
KAILAHUN,KAILAHUN DISTRICT,NJALUAHUN,LOWER NYAWA,FOLLAH,FOLLAH MCHP,MCHP,281101,881986
KAILAHUN,KAILAHUN DISTRICT,NJALUAHUN,LOWER NYAWA,MANO MENIMA,MANO MENIMA CHP,CHP,280024,879742
KAILAHUN,KAILAHUN DISTRICT,NJALUAHUN,SEI I,SEGBWEMA,NIXON HOSPITAL,MISSION HOSPITAL,285498,885967
KAILAHUN,KAILAHUN DISTRICT,NJALUAHUN,SEI II,NIAHUN GBUYAMA,NIAHUN GBUYAMA MCHP,MCHP,286522,891815
KAILAHUN,KAILAHUN DISTRICT,PEJE BONGRE,JORWU,MAMBOMA,MAMBOMA CHP,CHP,300488,894698
KAILAHUN,KAILAHUN DISTRICT,PEJE BONGRE,MANOWA,MANOWA,MANOWA CHC,CHC,307021,903587
KAILAHUN,KAILAHUN DISTRICT,PEJE BONGRE,SEIMAYA,GBAHAMA,GBAHAMA CHP,CHP,310745,910986
KAILAHUN,KAILAHUN DISTRICT,PEJE WEST,BUNUMBU,BUNUMBU,EL SHADDIA,PRIVATE CLINIC,295985,903205
KAILAHUN,KAILAHUN DISTRICT,PEJE WEST,BUNUMBU,BUNUMBU,BUNUMBU CHC,CHC,295936,903036
KAILAHUN,KAILAHUN DISTRICT,PEJE WEST,GOLAMA,BOAMA PEJE,BAOMA PEJE CHP,CHP,302176,911201
KAILAHUN,KAILAHUN DISTRICT,PEJE WEST,KPAWA,PEJEWA,PEJEWA CHC,CHC,297156,908322
KAILAHUN,KAILAHUN DISTRICT,PEJE WEST,KPINDIMA,JOKIBU,JOKIBU MCHP,MCHP,299508,900263
KAILAHUN,KAILAHUN DISTRICT,PENGUIA,JAGOR,LALEIHUN,LALEIHUN CHP,CHP,317108,931396
KAILAHUN,KAILAHUN DISTRICT,PENGUIA,NIMIMA,KONO BENDU,KONO BENDU CHP,CHP,310684,930622
KAILAHUN,KAILAHUN DISTRICT,PENGUIA,NIMIMA,SANDARU,SANDARU CHC,CHC,312042,928210
KAILAHUN,KAILAHUN DISTRICT,UPPER BAM,BAMBA,SIAMA,SIAMA MCHP,MCHP,316289,889058
KAILAHUN,KAILAHUN DISTRICT,UPPER BAM,GOLU,JENNEH,JENNEH MCHP,MCHP,321106,896458
KAILAHUN,KAILAHUN DISTRICT,UPPER BAM,GUMA,BOMARU,BOMARU CHP,CHP,320743,882370
KAILAHUN,KAILAHUN DISTRICT,UPPER BAM,NIAHUN,PENDEMBU,PENDEMBU CHC,CHC,313179,895313
KAILAHUN,KAILAHUN DISTRICT,YAWEI,BENDU,BENDU,BENDU CHP,CHP,299852,919474
KAILAHUN,KAILAHUN DISTRICT,YAWEI,KUIVA BUIMA,MASSAYEAMA,MASSAYEAMA MCHP,MCHP,300105,912852
KAILAHUN,KAILAHUN DISTRICT,YAWEI,KUIVA JAGOR,KWELLU NGIEYA,KWELLU NGIEYA CHP,CHP,297501,929362
KAILAHUN,KAILAHUN DISTRICT,YAWEI,KUIVA JAGOR,MALEMA,MALEMA CHP,CHP,297866,924206
KAILAHUN,KAILAHUN DISTRICT,YAWEI,KUIVAWA,BANDAJUMA,BANDAJUMA CHC,CHC,296412,919036
TONKOLILI,TONKOLILI DISTRICT,KHOLIFA ROWALLA,MAMUNTHA,MAGBASS,MAGBASS MCHP,MCHP,829854,960596
TONKOLILI,TONKOLILI DISTRICT,KHOLIFA ROWALLA,MAMUNTHA,MAMUNTHA,MAMUNTHA MCHP,MCHP,828253,955476
TONKOLILI,TONKOLILI DISTRICT,KHOLIFA ROWALLA,MAMUNTHA,MABORIE,MABORIE MCHP,MCHP,822693,957475
TONKOLILI,TONKOLILI DISTRICT,KHOLIFA ROWALLA,MAYOSSOH,MASOKO,MOSOKO MCHP,MCHP,826690,945600
TONKOLILI,TONKOLILI DISTRICT,MALAL MARA,MARA,MARA,MARA CHC,CHC,803208,958685
TONKOLILI,TONKOLILI DISTRICT,MALAL MARA,KAIMP KAKOLO,KAIMP KAKOLO,KAIMP KAKOLO MACH,MCHP,808189,952630
TONKOLILI,TONKOLILI DISTRICT,MALAL MARA,MAKOBA,MACORBANA,MACORBANA MCHP,MCHP,795110,952850
TONKOLILI,TONKOLILI DISTRICT,MALAL MARA,MENEWA,MANEWA,MANEWA MCHP,MCHP,814358,962031
TONKOLILI,TONKOLILI DISTRICT,MALAL MARA,ROCHEN,ROCHEN MALAL,ROCHEN MALAL MCHP,MCHP,799010,959012
TONKOLILI,TONKOLILI DISTRICT,MALAL MARA,MAKOBO,ROBINA,ROBINA MCHP,MCHP,790958,956170
TONKOLILI,TONKOLILI DISTRICT,MAMANSO KAGLA,MAMANSO KAGLA,MAMANSO KAGLA,MAMANSO KAFLA,MCHP,814730,939985
TONKOLILI,TONKOLILI DISTRICT,KHOLIFA MABANG,MARUNIA SAKIE,MUTHINK LOL,MATHINKA LOL MCHP,MCHP,807728,941230
TONKOLILI,TONKOLILI DISTRICT,KHOLIFA MABANG,KUMRABAI,KUMRABAI STATION,KUMRABAI STATION MCHP,MCHP,819338,945150
TONKOLILI,TONKOLILI DISTRICT,KHOLIFA MABANG,MARUNIA SAKIE,MABIA,MABIA,MCHP,802740,945018
TONKOLILI,TONKOLILI DISTRICT,KOHLIFA MABANG,MABANG,MABANG,MABANG CHC,CHC,811158,947421
TONKOLILI,TONKOLILI DISTRICT,YONI,MAGBAESA,MAGBAESA,MAGBAESA MCHP,MCHP,783662,931660
TONKOLILI,TONKOLILI DISTRICT,YONI,FOINDU,MAYORGBOR,MAYORGBOR MCHP,MCHP,826634,926843
TONKOLILI,TONKOLILI DISTRICT,YONI,GAINDEMA,ROCHEN KAMANDAWO,ROCHEN KAMANDAWA CHP,MCHP,810432,929281
TONKOLILI,TONKOLILI DISTRICT,YONI,MACORGBO,MAKONDU,MAKONDU MCHP,MCHP,793109,930918
TONKOLILI,TONKOLILI DISTRICT,YONI,MALOMPOR,MAKELEH,MAKELEH MCHP,MCHP,819215,937540
TONKOLILI,TONKOLILI DISTRICT,YONI,MAKACHOR,ROBARIE,ROBARIE MCHP,MCHP,760621,926201
TONKOLILI,TONKOLILI DISTRICT,YONI,MAMAKA,ROKIMBI,ROKIMBI MCHP,MCHP,788051,938318
TONKOLILI,TONKOLILI DISTRICT,YONI,MAMAKA,MAMAKA,MAMAKA MCHP,MCHP,798973,942085
TONKOLILI,TONKOLILI DISTRICT,YONI,MAKERI ROKFULA,MAKENI ROKFULA,MAKENI ROKFULA MCHP,MCHP,770928,931925
TONKOLILI,TONKOLILI DISTRICT,YONI,MARAKA,MATHOIR,MATHOIR MCHP,MCHP,784489,938822
TONKOLILI,TONKOLILI DISTRICT,YONI,RONETTA,BATH BANA,BATHBANA MCHP,MCHP,776811,924670
TONKOLILI,TONKOLILI DISTRICT,YONI,MAKANI ROKFULA,MAGBAFTH,MAGBAFT MCHP,MCHP,764035,935586
TONKOLILI,TONKOLILI DISTRICT,YONI,PETIFU LEPPER,MAGBASSA BANA,MAGBASSA BANA MCHP,MCHP,795586,926865
TONKOLILI,TONKOLILI DISTRICT,YONI,RONIETTA,RONIETTA,RONIETTA MCHP,MCHP,776440,924761
TONKOLILI,TONKOLILI DISTRICT,YONI,YONI,KUMRABAI YONI,KUMRABI YONI MCHP,MCHP,794901,933706
TONKOLILI,TONKOLILI DISTRICT,YONI,PETIFU UPPER,BAKELOKO,BAKELOKO,MCHP,798092,929061
TONKOLILI,TONKOLILI DISTRICT,YONI,PETIFU LOWER,BROOCKS,BROOCKS CHP,MCHP,783174,926898
TONKOLILI,TONKOLILI DISTRICT,YONI,PETIFU UPPER,PETIFU FULAMASA,PETIFU FULAMASA MCHP,MCHP,802085,927782
TONKOLILI,TONKOLILI DISTRICT,YONI,FOINDU,FOINDU,FOINDU MCHP,MCHP,822790,920596
TONKOLILI,TONKOLILI DISTRICT,YONI,MACORGBA,MACORGBA,MACORGBA MCHP,MCHP,790320,931882
TONKOLILI,TONKOLILI DISTRICT,YONI,GAINDEMA,MILE 91,OUR LADY OF GUADALUPE,MISSION CLINIC,807408,936715
TONKOLILI,TONKOLILI DISTRICT,YONI,GAINDEMA,BONKABABAY,BONKABABAY MCHP,MCHP,806985,924530
TONKOLILI,TONKOLILI DISTRICT,YONI,YONI,YONI BANA,YONI BANA MCHP,MCHP,803624,933973
TONKOLILI,TONKOLILI DISTRICT,YONI,YONI,YONI BANA,UMC HEALTH CENTER,MISSION CLINIC,803831,934349
TONKOLILI,TONKOLILI DISTRICT,YONI,GAINDEMA,MILE 91,MAGBOKI ROAD MCHP,MCHP,806556,937203
TONKOLILI,TONKOLILI DISTRICT,YONI,GAINDEMA,MILE 91,HINISTAS,CHC,806024,936592
BOMBALI,BOMBALI DISTRICT,LIBEISAYGEHUN,MANDAWAHUN,MATOTO,MOTOTO MCHP,MCHP,789160,994502
BOMBALI,BOMBALI DISTRICT,LIBEISEYGAHUN,GBONKONKA,GBONKONKA,GBONKONKA,MCHP,774398,999501
BOMBALI,BOMBALI DISTRICT,LIBEISAYGAHUN,BATKANU,KATKANU,BATKANU,CHC,784203,1004325
BOMBALI,BOMBALI DISTRICT,LIBEISAYGAHUN,KAIMUNDAY,KAIMUNDAY,KAIMUNDAY CHP,CHP,778930,990320
BOMBALI,BOMBALI DISTRICT,LIBEISAYGAHUN,MAGBAINGBA,MAGBAINGBA,MAGBAINGBU MCHP,MCHP,794556,989112
BOMBALI,BOMBALI DISTRICT,SAFROKO LIMBA,MASELLEH,MASELLEH,MASELLEH M.C.H.P,MCHP,825125,998008
BOMBALI,BOMBALI DISTRICT,SANDA TENDAREN,MATEBOI,MATEBOI,MATEBOI,CHC,807058,1021947
BOMBALI,BOMBALI DISTRICT,SANDA TENDAREN,ROGBIN,ROKULAN,ROKULAN CHC,CHC,806426,1017554
BOMBALI,BOMBALI DISTRICT,SANDA TENDAREN,MANAC(MABALA),MANAC,MANAC  M.C.H.P,MCHP,795111,1010815
BOMBALI,BOMBALI DISTRICT,SANDA TENDAREN,ROGBIN,ROGBIN,ROGBIN M.CH.P,MCHP,794206,1004327
BOMBALI,BOMBALI DISTRICT,SANDA TENDAREN,MABUDUKA,MABUNDUKA,MABUNDUKA  CHC,MCHP,795801,1009471
BOMBALI,BOMBALI DISTRICT,GBENDENBU NGOWAHUN,GBENDENBU,GBENDENBU,GBENDENBU CHC,CHC,806977,1007922
BOMBALI,BOMBALI DISTRICT,GBENDEMBU NGOWAHUN,KALANGBA,KALANGBA,KALANGBA C.H.C,CHC,812500,999408
BOMBALI,BOMBALI DISTRICT,GBENDEMBU NGOWAHUN,TAMBIAMA,TAMBIAMA,TAMBIAMA C.H.C,CHC,817754,995525
BOMBALI,BOMBALI DISTRICT,GBENDEMBU NGOWAHUN,MADINA,MADINA LOKO,MADINA LOKO CHP,MCHP,809665,1014795
BOMBALI,BOMBALI DISTRICT,GBENDEMBU NGOWAHUN,MAHARIE,MAHARIE,MAHARIE M.C.H.P,MCHP,815703,995938
BOMBALI,BOMBALI DISTRICT,GBENDEMBU NGOWAHUN,MAMAKA,MAMAKA,MAMAKA MCHP,MCHP,818520,999348
BOMBALI,BOMBALI DISTRICT,GBENDEMBU NGOWAHUN,LOHINDIE,KORTUHUN,KORTUHUN CHP,CHP,817129,1009665
BOMBALI,BOMBALI DISTRICT,MAGBAIMBA NDOWAHUN,KAGBERE,KAGBERE,KAGBERE CHC,CHC,814056,1020438
BOMBALI,BOMBALI DISTRICT,MAGBAIMBA NDOWAHUN,MAMBIAMA,MAMBIAMA,MAMBIAMA,MCHP,819418,1027538
BOMBALI,MAKENI CITY,BOMBALI DISTRICT SEBORA,MASUBA,MASUBA,HOLY SPIRIT CATHOLIC HOSP,MISSION HOSPITAL,825994,984235
BOMBALI,MAKENI CITY,BOMBALI SEBORA,ROGBALAN,LADY'S MILE(7),MARIE STOPES CLINIC,NGO CLINIC,824344,983585
BOMBALI,BOMBALI DISTRICT,BOMBALI SEBORA,MABOLLEH,MAGBURAKA ROAD,AFRICAN MUSLIM AGENCY CLI,NGO CLINIC,824286,980757
BOMBALI,BOMBALI DISTRICT,BOMBALI SEBORA,KONTA,ROKONTA,ROKONTA  CHC,CHC,824817,967953
BOMBALI,BOMBALI DISTRICT,BOMBALI SEBORA,FALLA,MAKUMP BANA,MAKUMP MCHP,MCHP,825739,974662
BOMBALI,BOMBALI DISTRICT,BOMBALI SEBORA,KAGBORA,MABOLLEH,MABOLLEH  CHP,CHP,824069,976383
BOMBALI,BOMBALI DISTRICT,BOMBALI SEBORA,MATOTOKA,ROBAT,ROBAT  MCHP,MCHP,823400,973084
BOMBALI,BOMBALI DISTRICT,BOMBALI SEBORA,MATOTOKA,MASSORY,MASSORY  MCHP,MCHP,819426,964167
BOMBALI,BOMBALI DISTRICT,BOMBALI SEBORA,KAFALLA,MASUBA 2,MASUBA MCHP,MCHP,821052,974767
BOMBALI,BOMBALI DISTRICT,BOMBALI SEBORA,KAGBARAN,MAKAMA,MAKAMA MCHP,MCHP,823860,980927
BOMBALI,MAKENI CITY,BOMBALI SEBORA,MASUBA,MASUBA,MASUBA M.C.H.P,MCHP,825966,984126
BOMBALI,MAKENI CITY,BOMBALI SEBORA,MASUBA,ARABIC COLLEGE ROAD,TONKOMATERNITYCLINIC(MCHP,MCHP,826401,983873
BOMBALI,MAKENI CITY,BOMBALI SEBORA,MAKENI TOWN,MASUBA ROAD,CITY GARDEN CLINIC,PRIVATE CLINIC,825496,984025
BOMBALI,MAKENI CITY,BOMBALI SEBORA,TEKO,TEKO BARRACKS,TEKO MILITARY CLINIC,MILITARY HOSPITAL,826861,981884
BOMBALI,MAKENI CITY,BOMBALI SEBORA,MAKENI TOWN,5 STATION ROAD,LONETO HEALTH SERVICES,PRIVATE CLINIC,825168,983644
BOMBALI,MAKENI CITY,BOMBALI SEBORA,MABANTA,14 MABANTA ROAD,S.L.RED CROSS CLINIC,NGO CLINIC,824989,983604
BOMBALI,MAKENI CITY,BOMBALI SEBORA,MABANTA,MAKENI TOWN MABANTA ROAD,MAKENI GOVERNMENT HOSPITA,GOVT HOSPITAL,824943,983735
BOMBALI,MAKENI CITY,BOMBALI SEBORA,FULLAH TOWN 2,FULLAH TOWN 2,FULLAH TOWN 2 MCHP,MCHP,825336,985535
BOMBALI,BOMBALI DISTRICT,BOMBALI SEBORA,KAGBARAN,PATE BANA,PATE BANA  CHP,CHP,826727,978335
BOMBALI,BOMBALI DISTRICT,GBANTI KAMARANKA,MAKOMRAY A,GBANTI,GBANTI CHC,CHC,800412,1023543
BOMBALI,BOMBALI DISTRICT,GBANTI KAMARANKA,GBONKOBANA,GBONKOBANA,GBONKOBANA CHP,CHP,794908,1022478
BOMBALI,BOMBALI DISTRICT,GBANTI KAMARANKA,ROYEMA A,ROYEMA,ROYEMA  MCHP,MCHP,811615,1023903
BOMBALI,BOMBALI DISTRICT,GBANTI KAMARANKA,SAKUMA,MAKAIBA,MAKAIBA M.C.H.P,MCHP,806688,1024784
BOMBALI,BOMBALI DISTRICT,GBANTI KAMARANKA,KAMBIA,KAMBIA MAKULOR,KAMBIA CHP,CHP,797087,1033690
BOMBALI,BOMBALI DISTRICT,GBANTI KAMARANKA,GBANTI KAMARANKA,GBANTI KAMARANKA CHC,KAMARANKA  CHC,CHC,806946,1028959
BOMBALI,BOMBALI DISTRICT,GBANTI KAMARANKA,GBENKFAY,GBENKFEY,GBENKFEY M.C.H.P,MCHP,801448,1029179
BOMBALI,BOMBALI DISTRICT,GBANTI KAMARANKA,GBEREY,GBORONOH,GBORONOH,MCHP,788525,1023423
BOMBALI,BOMBALI DISTRICT,PAKI MASABONG,MASABONG,MASABONG PIL,MASABONG PIL MCHP,MCHP,829881,963107
BOMBALI,BOMBALI DISTRICT,TAMBAKA,SIMIBUE,SAMAYA,SAMAYA C.H.P,CHP,786157,1052521
BOMBALI,BOMBALI DISTRICT,TAMBAKA,PARAMOUR(P.C),FINTONIA,FINTONIA C.H.P,CHC,804451,1070451
BOMBALI,BOMBALI DISTRICT,TAMBAKA,THALLA,SANYA,SANYA  C.H.P,CHP,787550,1088551
BOMBALI,BOMBALI DISTRICT,SANDA LOKO,MAKAPA,MADINA FULLAH,MADINA FULLAH  M.C.H.P,MCHP,794603,1035869
BOMBALI,BOMBALI DISTRICT,SANDA LOKO,KAMALO,KAMALO C.H.C,KAMALO C.H.C,CHC,802685,1040364
BOMBALI,BOMBALI DISTRICT,SANDA LOKO,KINDIA,LAIYA LOKO,LAIYA C.H.P,CHP,817859,1046193
BOMBALI,BOMBALI DISTRICT,SANDA LOKO,MAHARIBO,MAHARIBO,MAHARIBO M.C.H.P,MCHP,813136,1039401
BOMBALI,BOMBALI DISTRICT,SANDA LOKO,ROTHATA,ROTHATA,ROTHATA,MCHP,796343,1044497
BOMBALI,BOMBALI DISTRICT,SELLA LIMBA,KAGBORAY,KAGBORAY,KAGBORAY,MCHP,787683,1049903
BOMBALI,BOMBALI DISTRICT,SELLA LIMBA,KAMANSANKORIE,MASANKORIE,MASANKORIE C.H.P,CHP,795163,1053369
BOMBALI,BOMBALI DISTRICT,SELLA LIMBA,SELLA LIMBA,KAMAWONIE,KAMAWONIE C.H.C,CHC,788693,1049905
BOMBALI,BOMBALI DISTRICT,SELLA LIMBA,MAMAMKO,KAPONKIE,KAPONKIE M.C.H.P,MCHP,797908,1053141
BOMBALI,BOMBALI DISTRICT,SELLA LIMBA,SAMIYA,KABBA FORAY,KABBA FORAY M.C.H.P,MCHP,805283,1060436
BOMBALI,BOMBALI DISTRICT,SELLA LIMBA,KAYIMBA,KATHANTA,KATHANTA YIMBO C.H.C,CHC,810635,1056466
BOMBALI,BOMBALI DISTRICT,SELLA LIMBA,KAMAKWIE,KAMAKWIE,KAMAKWIEWESLEYANMISS.HOSP,MISSION HOSPITAL,803380,1051002
BOMBALI,BOMBALI DISTRICT,SELLA LIMBA,KAMAKWIE,KAMAKWIE M.C.H.P,KAMAKWIE M.C.H.P,MCHP,803301,1051120
BOMBALI,BOMBALI DISTRICT,SELLA LIMBA,MAGBONKONIE 2,KAMABAIO,KAMABAIO M.C.H.P,MCHP,793969,1045169
BOMBALI,BOMBALI DISTRICT,MAKARI GBANTI,PUNTUNG,PUNTUNG,PUNTUNG M.C.H.P,MCHP,811016,985152
BOMBALI,BOMBALI DISTRICT,MAKARI GBANTI,ROSINT,PANLAP,PAMLAP M.C.H.P,MCHP,826419,984413
BOMBALI,BOMBALI DISTRICT,MAKARI GBANTI,MAKARIE,MAKARIE,MAKARIE M.C.H.P,MCHP,812560,973173
BOMBALI,BOMBALI DISTRICT,MAKARI GBANTI,TONKOMBU,TONKOMBA,TONKOMBA MCHP,MCHP,812842,985645
BOMBALI,BOMBALI DISTRICT,MAKARI GBANTI,YANKASA,YANKASA,YANKASA M.C.H.C,MCHP,801654,968449
BOMBALI,BOMBALI DISTRICT,MAKARI GBANTI,MABANTA,KUNSHO,KUNSHO CHP,CHP,821224,991060
BOMBALI,BOMBALI DISTRICT,MAKARI GBANTI,MASONGBO,MASONGBO,MASONGBON CHC,CHC,818781,991730
BOMBALI,BOMBALI DISTRICT,MAKARI GBANTI,TONKONBA,MAGBAIKOLI,MAGBAIKOLI M.C.H.P,MCHP,828765,982881
BOMBALI,BOMBALI DISTRICT,MAKARI GBANTI,MATENEH,KOLISOKOR,KOLISOKOR MCP,MCHP,808267,970413
BOMBALI,BOMBALI DISTRICT,MAKARI GBANTI,MATHINKA,MAGBANLOH,MANBANLOH,MCHP,821918,983208
BOMBALI,BOMBALI DISTRICT,MAKARI GBANTI,MANGAY,MANGAY LOKO,MANGAY LOKO M.C.H.P,MCHP,824209,988925
BOMBALI,BOMBALI DISTRICT,MAKARI GBANTI,KAMATHOR,STOCCO AREA,DR. STOCCO LEPROSY&TB HOP,PRIVATE HOSPITAL,823274,984009
BOMBALI,BAMBALI DISTRICT,MAKARI GBANTI,KAMATHOR,STOCCO,P.H.C. CLINI (STOCCO),PRIVATE CLINIC,823107,984044
BOMBALI,BOMBALI DISTRICT,MAKARI GBANTI,PUNTUNG,MABAYO,MABAYO   M.C.H.P,MCHP,806783,986645
PORT LOKO,PORT LOKO DISTRICT,MAFORKI,MASABAY,MAGBEGBERA,MAGBEGBERA MCHP,MCHP,741158,950275
PORT LOKO,PORT LOKO DISTRICT,MAFORKI,ROMAKA,MALAL,MALAL MCHP,MCHP,748958,978457
PORT LOKO,PORT LOKO DISTRICT,MAFORKI,GBERRAY,MAPAWN,MAPAWN MCHP,MCHP,739403,963564
PORT LOKO,PORT LOKO DISTRICT,MAFORKI,MARUNIA,MAFOIMARA,MAFOIMARA M C H P,CHP,741565,958054
PORT LOKO,PORT LOKO DISTRICT,MAFORKI,MAFORAY,MAFORAY,MAFORAY M C H P,MCHP,741497,963793
PORT LOKO,PORT LOKO DISTRICT,MAFORKI,MORIA,NEW MAFORKI,NEW MAFORKI CHP,CHP,746031,967424
PORT LOKO,PORT LOKO DISTRICT,MAFORKI,BOTPOLON,GBERAY JUNCTION,GBERAY JUNCTION CHC,CHC,755385,963779
PORT LOKO,PORT LOKO DISTRICT,MAFORKI,MARONKO,MARONKO,MARONKO MCHP,MCHP,767458,966494
PORT LOKO,PORT LOKO DISTRICT,MAFORKI,FALABA,PORT LOKO,S/L COMM. HEALTH CENTRE,NGO CLINIC,743884,969987
PORT LOKO,PORT LOKO DISTRICT,MAFORKI,GBERAY-MO,GBONKO-KERENE,GBONKO-KERENE M C H P,MCHP,737274,971439
PORT LOKO,PORT LOKO DISTRICT,MAFORKI,MAOROBOLIA,MAKABA,MAKABA M C H P,MCHP,729128,951905
PORT LOKO,PORT LOKO DISTRICT,MAFORKI,MABONI,MABONI,MABONI M C H P,MCHP,730259,954308
PORT LOKO,PORT LOKO DISTRICT,BUYA ROMENDE,WORREH,MAMUNTHENEH,MAMUNTHENEH M C H P,MCHP,785044,985988
PORT LOKO,PORT LOKO DISTRICT,BUYA ROMENDE,MABUREH MENDI,MABUREH MENDI,MABUREH MENDI M C H P,MCHP,769727,972815
PORT LOKO,PORT LOKO DISTRICT,BUYA ROMENDE,FOREDUGU,FOREDUGU,FOREDUGU M C H P,MCHP,775135,968151
PORT LOKO,PORT LOKO DISTRICT,BUYA ROMENDE,FOREDUGU,GBOMSAMBA,GBOMSAMBA M C H P,MCHP,790678,973954
PORT LOKO,PORT LOKO DISTRICT,BUYA ROMENDE,GBARAN KAM,WAREH-BANA,WUREH-BANA MCHP,MCHP,790465,979433
PORT LOKO,PORT LOKO DISTRICT,BUYA ROMENDE,KAMASONDU,KAMASONDU,KAMASONDU C H C,CHC,773576,980534
PORT LOKO,PORT LOKO DISTRICT,BUYA ROMENDE,ROSINT,ROSINT,ROSINT M C H P,MCHP,775785,975338
PORT LOKO,PORT LOKO DISTRICT,BUYA ROMENDE,MANUM-GBU,MASAMBOI,MASAMBOI M C H P,MCHP,781322,982074
PORT LOKO,PORT LOKO DISTRICT,KAFU BULLOM,FORONKOYA,ROTIFUNK,WHR$RELIEF ARAB CLINIC,MCHP,700609,951735
PORT LOKO,PORT LOKO DISTRICT,KAFU BULLOM,FORONKOYA,MODIA,MODIA GENERAL CINIC,NGO CLINIC,695434,955659
PORT LOKO,PORT LOKO DISTRICT,KAFU BULLOM,FORONKOYA,TINTAFOR,EGYPT MEDICAL DEV.PROG.,NGO CLINIC,696876,954008
PORT LOKO,PORT LOKO DISTRICT,KAFU BULLOM,FORONKOYA,TINTAFOR,ST.JOHN OF GOD CATHO.CLIN,MISSION CLINIC,696699,953948
PORT LOKO,PORT LOKO DISTRICT,KAFU BULLOM,FORNKOYA,SAWKTAR,BATIST EYE HOS. SAWKTARR,MISSION HOSPITAL,697633,954221
PORT LOKO,PORT LOKO DISTRICT,KAFU BULLOM,MAHERA,MAHERA,BAI BUREH MEMORIAL HOSP.,PRIVATE HOSPITAL,698142,951154
PORT LOKO,PORT LOKO DISTRICT,KAFU BULLOM,FORONKOYA,LUNGI,GOVERNMENT HOSPITAL UNDER,GOVT HOSPITAL,697634,954225
PORT LOKO,PORT LOKO DISTRICT,KAFU BULLOM,FARONKOYA,GBANE-LOL,GBANE-LOL M C H P,MCHP,698423,951784
PORT LOKO,PORT LOKO DISTRICT,KAFU BULLOM,FORONKOYA,GBANE-BANA,GBANE-BANA MCHP,MCHP,700384,959068
PORT LOKO,PORT LOKO DISTRICT,KAFU BULLOM,YONGRO,YONGRO,YONGRO-CHP,CHP,698195,949874
PORT LOKO,PORT LOKO DISTRICT,KAFU BULLOM,ROSINT,TAGRIN,TAGRIN -CHC,CHC,703594,942371
PORT LOKO,PORT LOKO DISTRICT,KAFU BULLOM,MAHERA,MAHERA,MAHERA,MCHP,698213,951478
PORT LOKO,PORT LOKO DISTRICT,KAFU BULLOM,KASONGHA,KASONGHA,KASONGHA  MCHP,MCHP,701233,952804
PORT LOKO,PORT LOKO DISTRICT,KAFU BULLOM,MAYAYA,CONAKRIDIE,CONAKRIDIE CHC,CHC,693855,961883
PORT LOKO,PORT LOKO DISTRICT,LOKOMASAMA,KAMASONDO,PEPEL,PEPEL CHP,CHP,714097,950009
PORT LOKO,PORT LOKO DISTRICT,LOKOMASAMA,KONTA,KONTA,KONTA MCHP,MCHP,716156,978726
PORT LOKO,PORT LOKO DISTRICT,LOKOMASAMA,GBAINTY,GBAINTY - WALLAH,GBAINTY-WALLAH CHP,CHP,707687,973699
PORT LOKO,PORT LOKO DISTRICT,LOKOMASAMA,GBAINTY,KALANGBA,KALANGBA MCHP,MCHP,704068,974799
PORT LOKO,PORT LOKO DISTRICT,LOKOMASAMA,GBAINTY,BABARA,BABARA CHP,CHP,705498,976158
PORT LOKO,PORT LOKO DISTRICT,LOKOMASAMA,GBAINTY,KAGBULUR,KAGBULUR CHP,MCHP,710019,977199
PORT LOKO,PORT LOKO DISTRICT,LOKOMASAMA,KATONGA,KATONGA,KATONGA - MCHP,MCHP,726498,977333
PORT LOKO,PORT LOKO DISTRICT,LOKOMASAMA,BENKIA,MAPILAH,MAPILAH MCHP,MCHP,715937,967816
PORT LOKO,PORT LOKO DISTRICT,LOKOMASAMA,BENKIA,BENKIA,BENKIA  MCHP,MCHP,719748,970647
PORT LOKO,PORT LOKO DISTRICT,LOKOMASAMA,MATHENG,MATHENG,MATHENG - MCPH,MCHP,706108,962518
PORT LOKO,PORT LOKO DISTRICT,LOKOMSAMA,PETIFU,PETIFU,PETIFU JUNCTION CHC,CHC,708186,961669
PORT LOKO,PORT LOKO DISTRICT,LOKOMASAMA,YURIKA,MENIKA,MENIKA - MCHP,MCHP,694505,964543
PORT LOKO,PORT LOKO DISTRICT,LOKOMASAMA,YURIKA,MUSAYA II,MUSAY CHP,CHP,694562,973095
PORT LOKO,PORT LOKO DISTRICT,LOKOMASAMA,YURIKA,BAILOR,BAILOR-CHP,CHP,693868,976387
PORT LOKO,PORT LOKO DISTRICT,LOKOMASAMA,MAGBOKORR,BUNDULAI,BUNDULAI CHC,CHC,730459,969385
PORT LOKO,PORT LOKO DISTRICT,LOKOMASAMA,MANNAH,MANNAH II,MANNAH II CHP,MCHP,723436,963144
PORT LOKO,PORT LOKO DISTRICT,KOYA,MATHIRE,MALANKI,MALENKI,MCHP,729832,927283
PORT LOKO,PORT LOKO DISTRICT,MARAMPA,MARAMPA,LUNSAR,SAINT JOHN OF GOD HOSP.,MCHP,772318,962978
PORT LOKO,PORT LOKO DISTRICT,MARAMPA,MAGBELE,MAGBELE,MAGBELE  CHP,MCHP,753616,950898
PORT LOKO,PORT LOKO DISTRICT,MARAMPA,MINES LUNSAR,LUNSAR,PELCO HOSPITAL,MCHP,774364,959242
PORT LOKO,PORT LOKO DISTRICT,MARAMPA,MAGBELE,MAKAGBA,MAKAGBA  - MCHP,MCHP,757122,954908
PORT LOKO,PORT LOKO DISTRICT,MARAMPA,MARAMPA,MAGBIL,MAGBIL - MCHP,MCHP,776311,981897
PORT LOKO,PORT LOKO DISTRICT,MARAMPA,MANGE,MAMUSA,MAMUSA -MCHP,MCHP,761695,962569
PORT LOKO,PORT LOKO DISTRICT,MARAMPA,ROLANKONOH,ROLAMRAY,ROLAMRAY - MCHP,MCHP,761946,955114
PORT LOKO,PORT LOKO DISTRICT,MARAMP,MAMANSO,LUNSAR,LUNSARA  - CHC,CHC,771645,960583
PORT LOKO,PORT LOKO DISTRICT,MARAMPA,PATH BANA,LUNSAR,EYE CLINIC,MCHP,771946,962079
PORT LOKO,PORT LOKO DISTRICT,KALANGBA,KALANGBA,KALANGBA,KALANGBA  MCHP,MCHP,731138,985412
PORT LOKO,PORT LOKO DISTRICT,BURE KASSEH,MARENKA,KAWEENGA,KAWENGA  MCHP,MCHP,750949,994210
PORT LOKO,PORT LOKO DISTRICT,BURE KASSEH,MAMANKA,BUREH,BUREH MCHP,MCHP,735828,984031
PORT LOKO,PORT LOKO DISTRICT,BURE KASSEH,MAKONTEH,MASSESEH,MASSESEH MCHP,MCHP,737544,980113
PORT LOKO,PORT LOKO DISTRICT,BURE KASSEH,KAMBIA MOMANGE,MANGE MANGE,MANGE C H C,CHC,735762,981021
PORT LOKO,PORT LOKO DISTRICT,BURE KASSEH,MAINTHORMORE,MINTHORMORE,MATHORMORE M C H P,MCHP,738959,997033
PORT LOKO,PORT LOKO DISTRICT,BURE KASSEH,KAIYEABOR,MABAIN,MABAIN M C H P,MCHP,739237,989455
PORT LOKO,PORT LOKO DISTRICT,BURE KASSEH,BARMOI,BARMOI,BARMOI C H C,CHC,760407,994086
PORT LOKO,PORT LOKO DISTRICT,ROTIFUNK,ROGBALAN,ROGBALAN,ROGBALAN M C H P,MCHP,747722,991134
PORT LOKO,PORT LOKO DISTRICT,BURE KASSEH,ROMENI,ROMENI,ROMENI M C H P,MCHP,750589,984401
PORT LOKO,PORT LOKO DISTRICT,BURE KASSEH,KAGBANTHAMA,KAGBANTHAMA,KAGBANTHAMA,MCHP,756009,991290
PORT LOKO,PORT LOKO DISTRICT,DIBIA,MAGBORNOR,MAGBORNOR,MAGBORNOR M C H P,MCHP,754792,984656
PORT LOKO,PORT LOKO DISTRICT,DIBIA,MAKABARI,GBOMBANA,GBOMBANA M C H P,MCHP,757666,987448
PORT LOKO,PORT LOKO DISTRICT,DIBIA,ROGBALAN,GBALAN,GBALAN C H P,CHP,766103,984954
PORT LOKO,PORT LOKO DISTRICT,DIBIA,MAFONDA,GBINTI,GBINTI  C H C,CHC,764018,992153
PORT LOKO,PORT LOKO DISTRICT,SANDA MAGBOLONTOR,KANTIA,KANTIA,KANTIA C H P,MCHP,776865,1020504
PORT LOKO,PORT LOKO DISTRICT,SANDA MAGBOLONTOR,GBOGBODO,GBOGBODO,GBOGBODO M C H P,MCHP,766802,1014747
PORT LOKO,PORT LOKO DISTRICT,SANDA MAGBOLONTOR,SENDUGU,SENDUGU,SENDUGU CHC,CHC,760475,1003499
PORT LOKO,PORT LOKO DISTRICT,SANDA MAGBOLONTOR,MAGBOLONTOR,ROKOMNEH,ROKOMNEH CHP,MCHP,754971,998552
PORT LOKO,PORT LOKO DISTRICT,T.M.S.,KAMBIA,KAMBIA,KAMBIA CHC,CHC,765829,975554
PORT LOKO,PORT LOKO DISTRICT,T.M.S.,KARGBO,ROGBANEH,ROGBANEH MCHP,MCHP,758968,982266
PORT LOKO,PORT LOKO DISTRICT,T.M.S.,MALAKURAY,MALIKURAY,MALEKURAY CHC,CHC,759936,974141
PORT LOKO,PORT LOKO DISTRICT,T.M.S,KANU,ROBAKA,ROBAKA M C H P,MCHP,764322,979738
PORT LOKO,PORT LOKO DISTRICT,T.M.S,MARON,MARON,MARON M C H P,MCHP,772211,988827
PORT LOKO,PORT LOKO DISTRICT,MASIMERA,ROKEL,ROKEL,ROKEL M C H P,MCHP,753923,950649
PORT LOKO,PORT LOKO DISTRICT,MASIMERA,NONKOBA,NONKOBA,NONKOBA C H P,MCHP,766348,951191
PORT LOKO,PORT LOKO DISTRICT,MASIMERA,MAYOLA-LAL,MAYOLA-LAL-RATON,MAYAOLA-LAL-RATON M C H P,MCHP,795917,948453
PORT LOKO,PORT LOKO DISTRICT,MASIMERA,MATUKU,YIBEN,YIBEN M C H P,MCHP,782799,941193
PORT LOKO,PORT LOKO DISTRICT,MASIMERA,KATICK,KATICK,KATICK  M C H P,MCHP,784147,950903
PORT LOKO,PORT LOKO DISTRICT,MASIMERA,MASIMERA,MASIMERA,MASIMERA C H P,CHC,780673,956487
PORT LOKO,PORT LOKO DISTRICT,MASIMERA,MASIMERA,MAMALIGIE,MAMALIGIE M C H P,MCHP,764404,940063
PORT LOKO,PORT LOKO DISTRICT,MASIMERA,BIKI,KONTA-LINE,KONTA-LINE C H C,CHC,770328,937588
PORT LOKO,PORT LOKO DISTRICT,KOYA,MAGBENI,MAGBUNTHOSOR (MILE-38),MAGBUNTHOSOR C H P,MCHP,736238,935024
PORT LOKO,PORT LOKO DISTRICT,KOYA,MATENE,MAKITEH,MAKITEH COMM.HEALTH POST,MCHP,756605,935514
PORT LOKO,PORT LOKO DISTRICT,KOYA,MATENE,WARIMA,WARIMA M C H P,MCHP,760031,939254
PORT LOKO,PORT LOKO DISTRICT,KOYA,MAREFA,SUMBUYA,SUMBUYA,MCHP,713966,932807
PORT LOKO,PORT LOKO DISTRICT,KOYA,MAWOMA,MAKALIE,MAKALIE M C H P,MCHP,751206,930814
PORT LOKO,PORT LOKO DISTRICT,KOYA,MAGBENI,MAGBENI,MAGBENI M C H P,MCHP,740703,946361
PORT LOKO,PORT LOKO DISTRICT,KOYA,SANDA,KOMRABAI NYOLLAH,KOMRABAI NYOLLAH M C H P,MCHP,718513,932462
PORT LOKO,PORT LOKO DISTRICT,KOYA,ROSARR,MABORA,MABOR M C H P,MCHP,749038,946169
PORT LOKO,PORT LOKO DISTRICT,KOYA,FOINDU,FOINDU,FOINDU C H P,MCHP,743735,933836
PORT LOKO,PORT LOKO DISTRICT,KOYA,FOREDUGU,MASUMANA,MASUMANA,MCHP,742202,939097
PORT LOKO,PORT LOKO DISTRICT,KOYA,FOREDUGU,KURANKO,KURANKO M C H P,MCHP,734197,937532
PORT LOKO,PORT LOKO DISTRICT,KOYA,KAGBALA B,KISSI KOYA,KISSI KOYA M C H P,MCHP,722612,929362
PORT LOKO,PORT LOKO DISTRICT,KOYA,MAWOMA,MASIAKA,MASIAKA HEALTH CENTER,CHC,747712,939387
PORT LOKO,PORT LOKO DISTRICT,KOYA,MAWOMA,MAWOMA,MAWOMA M C H P,MCHP,749447,936120
PORT LOKO,PORT LOKO DISTRICT,KOYA,MAWOMA,MAKARANKAY,MAKARANKAY M C H P,MCHP,758350,930046
PORT LOKO,PORT LOKO DISTRICT,MAFORKI,FALABA,PORT LOKO GOVERNMENT HOSPITAL,GOVERNMENT HOSPITAL,GOVT HOSPITAL,743670,969657
KAMBIA,KAMBIA DISTRICT,BRAMAIA,KONTA SECTION,KONTA,KONTA -MCHP,MCHP,760264,1055984
KAMBIA,KAMBIA DISTRICT,BRAMAIA,KONMAKIA,BARAKUYA,BARKUYA MCHP,MCHP,759190,1046395
KAMBIA,KAMBIA DISTRICT,BRAMAIA,BRAMAIA SECTION,KUKUMA,KUKUMA CHC,CHC,755870,1038654
KAMBIA,KAMBIA DISTRICT,BRAMAIA,LOWER BRAMAIA,SHEKAI,SHEKAIA MCHP,MCHP,743915,1029687
KAMBIA,KAMBIA DISTRICT,BRAMAIA,LOWER BRAMIA SECTIO,KONKU,KANKU BRAMAIA MICHP,MCHP,738163,1023395
KAMBIA,KAMBIA DISTRICT,BRAMAIA,UPPER BRAMAIA,GBOLON,GBOLON MCHP,MCHP,748459,1034175
KAMBIA,KAMBIA DISTRICT,TONKO LIMBA,KATHANTINETH,KAMAGBEW,KAMAGBEW MCHP,MCHP,766252,1024071
KAMBIA,KAMBIA DISTRICT,TONKO LIMBA,MAGBONKONIE SECTION,MASSELLEH,MASSELLEH MCHP,MCHP,751525,1019425
KAMBIA,KAMBIA DISTRICT,TONKO LIMBA,BUBUYA SECTION,BUBUYA,WESLEYAN  CHC,CHC,755947,1027574
KAMBIA,KAMBIA DISTRICT,TONKO LIMBA,BUBUYA SECTION,NUMEA,MUMEA CHC,CHC,750616,1024875
KAMBIA,KAMBIA DISTRICT,TONKO LIMBA,BUBUYA SECTION,SELLA,SELLA KAFTA MCHO,MCHP,744979,1023433
KAMBIA,KAMBIA DISTRICT,TONKO LIMBA,KAMASSASA,KASORIA,KASORIA M.C.H.P,CHP,784538,1039732
KAMBIA,KAMBIA DISTRICT,TONKO LIMBA,ALIMAMY BOLA SECTIO,KAMASSASA,KAMASSASA CHC,CHC,769572,1039452
KAMBIA,KAMBIA DISTRICT,TONKO LIMBA,EMA SORIE SECTION,SAMAH,SAMAH MCHP,MCHP,757124,1032225
KAMBIA,KAMBIA DISTRICT,TONKO LIMBA,MAMANKOH SECTION,KATHERIE,KATHERIE MCHP,MCHP,753162,1015743
KAMBIA,KAMBIA DISTRICT,MASUNGBALA,BAMOI,BAMOI MUNU,BAMOI MUNU CHP,CHP,747307,1005791
KAMBIA,KAMBIA DISTRICT,MASUMGBALA,THALLA SECTION,GBALANTHALLA,GBALANTHALLA,MCHP,746244,998114
KAMBIA,KAMBIA DISTRICT,MASUNGBALA,NONKO,KANIA,KANIA MCHP,MCHP,742843,1015720
KAMBIA,KAMBIA DISTRICT,MASUMGBALA,MAPOLON SECTION,ROBANKAMAKULU,ROBANKAMAKULU MCHP,MCHP,750575,1012392
KAMBIA,KAMBIA DISTRICT,MASUMGBALA,KAWULA,KAWULA,KAWULA CHP,CHP,736842,1010344
KAMBIA,KAMBIA DISTRICT,GBINLEH DIXING,GBINLEH SECTION,GBALAMUKU,GBALAMUKU CHP,CHP,725075,1014818
KAMBIA,KAMBIA DISTRICT,GBINLEH DIXING,MALAL SECTION,FODAYA,FODAYA MCHP,MCHP,726110,1026117
KAMBIA,KAMBIA DISTRICT,GBINLEH DIXING,MAFORAY SECTION,MAFORAY,MAFORAY CHC,CHC,728603,1019509
KAMBIA,KAMBIA DISTRICT,GBINLAH DIXING,KANTALAN SECTION,WORREH,WORREH MCHP,MCHP,722679,1004993
KAMBIA,KAMBIA DISTRICT,GBINLEH DIXING,TAWUYA SECTION,TAWUYA,TAWUYA CHP,CHP,725310,1006973
KAMBIA,KAMBIA DISTRICT,GBINLEH DIXING,MAGBENGBEH,MAGBENGBEH SECTION,MAGBENGBEH MCHP,MCHP,715929,1003757
KAMBIA,KAMBIA DISTRICT,MAGBEMBA,KAMBA SECTION,KAMBA,KAMBA MCHP,MCHP,733738,999933
KAMBIA,KAMBIA DISTRICT,MAGBEMBA,KAMBA SECTION,MENI CURVE,MENI CURVE,MCHP,735332,997075
KAMBIA,KAMBIA DISTRICT,MAGBEMA,ROGBLAN,ROKUPR,ROKUPR CHP,CHP,725994,997298
KAMBIA,KAMBIA DISTRICT,MAGBEMA,ROGBLAN,ROKUPR,AHMADIYYA MISSION,MISSION CLINIC,725514,996955
KAMBIA,KAMBIA DISTRICT,MAGBEMA,KAMBIA 1 KAMBIA,KAMBIA,KAMBIA GOVERNMENT HOSPITA,GOVT HOSPITAL,729318,1009322
KAMBIA,KAMBIA DISTRICT,MAGBEMA,ROBAT SECTION,MACBELLEH,MACBELLEH MCHP,MCHP,725505,1001846
KAMBIA,KAMBIA DISTRICT,MAGBEMA,BAMOI LUMA,BAMOI,BAMOI MCHP,MCHP,729353,999958
KAMBIA,KAMBIA DISTRICT,MAGBEMA,DIBIA SECTION,DIBIA,DIBIA MCHP,MCHP,736582,1003745
KAMBIA,KAMBIA DISTRICT,MAGBEMA,KAMBIA 2,KAMBIA,RED CROSS HEALTH POST,NGO CLINIC,728200,1008128
KAMBIA,KAMBIA DISTRICT,MAGBEMA,TEMENAH,MADIA,MADIA MCHP,MCHP,733192,1016403
KAMBIA,KAMBIA DISTRICT,MAGBEMA,KARGBULOR,WULLA THENKLE,WULLA THENKLE,MCHP,728559,991591
KAMBIA,KAMBIA DISTRICT,MAGBEMA,KAGBOLON,GBONKOMARIA,GBONKOMARIA CHP,MCHP,723121,990535
KAMBIA,KAMBIA DISTRICT,MAGBEMA,KAMBA SECTION,SENTHAI SECTION,SENTHAI,MCHP,732325,1002905
KAMBIA,KAMBIA DISTRICT,MAGBEMA,KAMBA SECTION,MATHURANEH,MATHURANEH MCHP,MCHP,730158,1003085
KAMBIA,KAMBIA DISTRICT,SAMU,MAKUMA SECTION,ROKAI,ROKAI MCHP,MCHP,688583,995534
KAMBIA,KAMBIA DISTRICT,SAMU,MAKUMA SECTION,YELIEBOYA,YALIEBOYA CHP,CHP,691156,990053
KAMBIA,KAMBIA DISTRICT,SAMU,MANGE SECTION,MANGEBISSAN,MANGEBISSAN MCHP,MCHP,722318,1000226
KAMBIA,KAMBIA DISTRICT,SAMU,ROSINOR SECTION,ROSINOR,ROSINOR CHP,CHP,720110,992351
KAMBIA,KAMBIA DISTRICT,SAMU,KYCHOM SECTION,KYCHOM,KYCHOM CHC,CHC,704125,987428
KAMBIA,KAMBIA DISTRICT,SAMU,MORIBAYA SECTION,MORIBAYA,MORIBAYA MCHP,MCHP,701047,997227
KAMBIA,KAMBIA DISTRICT,SAMU,MAPOTOLOR SECTION,MAPOTOLOR,MAPOTOLOR CHC,CHC,690059,1000721
KAMBIA,KAMBIA DISTRICT,SAMU,KOYA SECTION,KOYA,KOYA MCHP,MCHP,716041,991656
KAMBIA,KAMBIA DISTRICT,SAMU,MAPONTOLOR,SORIBOLOMIA,SORIBOLOMIA MCHP,MCHP,695820,1001803
KAMBIA,KAMBIA DISTRICT,SAMU,LUNSANIYA SECTION,BAPPIAYA,BAPPIAYA MCHP,MCHP,707711,996349
KAMBIA,KAMBIA DISTRICT,SAMU,KASSIRIE SECTION,KASSIRIE,KASSIRIE CHP,CHP,707410,988965
KAMBIA,KAMBIA DISTRICT,SAMU,MAFUFUNEH,MAFUFUNEH SECTION,MAFUFUNEH MCHP,MCHP,711658,995964
KAMBIA,KAMBIA DISTRICT,MAMBOLO,TOMBO WALLAH SECTIO,TOMBO WALLAH,TOMBO WALLAH CHC,CHC,706730,979181
KAMBIA,KAMBIA DISTRICT,MAMBOLO,KALAINKAY SECTION,KALAINKAY,KALAINKAY MCHP,MCHP,709589,982474
KAMBIA,KAMBIA DISTRICT,MAMBOLO,MATETIA SECTION,ROKEL,ROKEL MCHP,MCHP,713448,984485
KAMBIA,KAMBIA DISTRICT,MAMBOLO,MAYAKIE SECTION,MAYAKIE,MAYAKIE MCHP,MCHP,726980,984725
KAMBIA,KAMBIA DISTRICT,MAMBOLO,ROBIS SECTION,ROMANDO,ROMANDO MCHP,MCHP,721349,980275
KAMBIA,KAMBIA DISTRICT,MAMBOLO,ROWOLLON SECTION,MACOTH,MACOTH MCHP,MCHP,718186,986081
KAMBIA,KAMBIA DISTRICT,MAMBOLO,MAMBOLO,MAMBOLO,MAMBOLO CHC,CHC,716768,985118
MOYAMBA,MOYAMBA DISTRICT,BUMPEH,MAMU,MOKAIYEGBEH,MOKAIYEGBEH MCHP,MCHP,750443,889236
MOYAMBA,MOYAMBA DISTRICT,BUMPEH,MASSAH,SAHUN,SAHUN MCHP,MCHP,761845,896400
MOYAMBA,MOYAMBA DISTRICT,BUMPEH,MAMU,MOYEAMOH,MOYEAMOH CHP,MCHP,745333,893184
MOYAMBA,MOYAMBA DISTRICT,BUMPEH,BUMPEH,BUMPEH RIVER,BUMPEH RIVER MCHP,MCHP,751970,900501
MOYAMBA,MOYAMBA DISTRICT,BUMPEH,GREEMA,ROTIFUNK,ROTIFUNK CHC,CHC,755825,910296
MOYAMBA,MOYAMBA DISTRICT,BUMPEH,MOTOBONG,MOTOBONG,MOTOBONG MCHP,MCHP,738719,898312
MOYAMBA,MOYAMBA DISTRICT,UPPER BANTA,BEI-KELLE,GONDAMA,GONDAMA MCHP,MCHP,816279,857668
MOYAMBA,MOYAMBA DISTRICT,UPPER BANTA,MOGONGBE,NGOLALA JUNCTION,NGOLALA JUNCTION CHC,CHC,817219,854781
MOYAMBA,MOYAMBA DISTRICT,UPPER BANTA,BEI-KELLE,MOKELLEH,MOKELLEH CHC,CHC,812855,853758
MOYAMBA,MOYAMBA DISTRICT,UPPER BANTA,KENAFALLAY,MONDOKOR,MONDOKOR MCHP,MCHP,805475,858451
MOYAMBA,MOYAMBA DISTRICT,BAGRUWA,BENKEH,BENKEH,BENKEH MCHP,MCHP,771770,866137
MOYAMBA,MOYAMBA DISTRICT,BAGRUWA,KAWAYA,KAWAYA,KAWAYA MCHP,MCHP,798457,871011
MOYAMBA,MOYAMBA DISTRICT,BAGRUWA,MOSEILOLO,MOSENEGOR,MOSENEGOR MCHP,MCHP,784624,870844
MOYAMBA,MOYAMBA DISTRICT,BAGRUWA,MOKASSIE,MOKASSIE,MOKASSIE MCHP,MCHP,785317,885470
MOYAMBA,MOYAMBA DISTRICT,BAGRUWA,SEMBEHUN,SEMBEHUN,SEMBEHUN CHC,CHC,771491,878352
MOYAMBA,MOYAMBA DISTRICT,RIBBI,MOTONI,BRADFORD,BRADFORD CHC,CHC,748294,917485
MOYAMBA,MOYAMBA DISTRICT,RIBBI,MOTONI,MOTONI,MOTONI MCHP,MCHP,743013,918518
MOYAMBA,MOYAMBA DISTRICT,RIBBI,MOTONKOH,MOTONKOH,MOTONKOH MCHP,MCHP,737527,913891
MOYAMBA,MOYAMBA DISTRICT,RIBBI,UPPER RIBBI,MOGBONGISSEH,MOGBONGISSEH MCHP,MCHP,737565,904582
MOYAMBA,MOYAMBA DISTRICT,RIBBI,LOWER RIBBI,MOKORBU,MOKORBU MCHP,MCHP,727954,906148
MOYAMBA,MOYAMBA DISTRICT,RIBBI,MOBUREH,SUEN,SUEN MCHP,MCHP,729947,901801
MOYAMBA,MOYAMBA DISTRICT,LOWER BANTA,MOFINDOH,MOSENESIE JUNCTION,MOSENESIE JUNCTION MCHP,MCHP,801544,867463
MOYAMBA,MOYAMBA DISTRICT,LOWER BANTA,NDEDEMOYA,MORIBA TOWN,ST. MARY'S CLINIC,MISSION CLINIC,798165,861185
MOYAMBA,MOYAMBA DISTRICT,LOWER BANTA,GBANGBATOKE,GBANGBATOKE,GBANGBATOKE CHC,CHC,788898,863923
MOYAMBA,MOYAMBA DISTRICT,LOWER BANTA,MOKOTAWA,MONKANJI,MONKANJI CHC,CHC,809749,874645
MOYAMBA,MOYAMBA DISTRICT,LOWER BANTA,WULBANGE,KANGA,KANGA MCHP,MCHP,815169,867265
MOYAMBA,MOYAMBA DISTRICT,KAIYAMBA,KOROMBOYA,MOYAMBA,REFFERAL,GOVT HOSPITAL,782721,902851
MOYAMBA,MOYAMBA DISTRICT,KAIYAMBA,WALIWAHUN,KANKAHUN,KANKAHUN CHC,CHC,799065,894355
MOYAMBA,MOYAMBA DISTRICT,KAIYAMBA,LUNGILI,LEVUMAKAI,LEVUMAKAI MCHP,MCHP,789625,898153
MOYAMBA,MOYAMBA DISTRICT,KAIYAMBA,ANGIGBOYA,GBONJEIMA,GBONJEIMA MCHP,MCHP,787919,891367
MOYAMBA,MOYAMBA DISTRICT,KAIYAMBA,KPANGE,KORGBOTUMA,KORGBOTUMA MCHP,MCHP,779646,890959
MOYAMBA,MOYAMBA DISTRICT,KAIYAMBA,KPANGE,KOMENDE,KOMENDE MCHP,MCHP,782208,894040
MOYAMBA,MOYAMBA DISTRICT,KAIYAMBA,MENDEGELEMA,YOYEMA,YOYEMA MCHP,MCHP,776046,904270
MOYAMBA,MOYAMBA DISTRICT,KAIYAMBA,MOSOE,MOYAMBA,SCHOOL CLINIC,GOVT CLINIC,783695,903281
MOYAMBA,MOYAMBA DISTRICT,KAIYAMBA,KOROMBOYA,MOYAMBA,MCHP STATIC,MCHP,782704,902829
MOYAMBA,MOYAMBA DISTRICT,KAIYAMBA,KOROMBOYA,MOYAMBA,RED CROSS CLINIC,NGO CLINIC,782287,903135
MOYAMBA,MOYAMBA DISTRICT,KAIYAMBA,KOROMBOYA,MOYAMBA,HARFORD SCHOOL CLINIC,MISSION CLINIC,782906,903171
MOYAMBA,MOYAMBA DISTRICT,KAIYAMBA,KOROMBOYA,MOYAMBA,ST. JOSEPH'S CLINIC,MISSION CLINIC,783175,902162
MOYAMBA,MOYAMBA DISTRICT,KOWA,MOFORAY,BENDU,BENDU MCHP,MCHP,828390,888632
MOYAMBA,MOYAMBA DISTRICT,FAKUNYA,GANDORHUN CENTRAL,GANDORHUN,GANDORHUN CHC,CHC,793534,911052
MOYAMBA,MOYAMBA DISTRICT,FAKUNYA,TO-NDAMBALENGA,MOYAMBA JUNCTION,MOYAMBA JUNCTION CHC,CHC,806641,921474
MOYAMBA,MOYAMBA DISTRICT,FAKUNYA,FAKOI,FALABA,FALABA MCHP,MCHP,788114,908571
MOYAMBA,MOYAMBA DISTRICT,FAKUNYA,TULLU,MOYOLLO,MOYOLLO MCHP,MCHP,791659,902834
MOYAMBA,MOYAMBA DISTRICT,FAKUNYA,NJAWA,MOKEREWA,MOKEREWA MCHP,MCHP,803202,904026
MOYAMBA,MOYAMBA DISTRICT,FAKUNYA,MANINGA,MOKELLAY,MOKELLAY MCHP,MCHP,798301,918354
MOYAMBA,MOYAMBA DISTRICT,FAKUNYA,KUNYAFOI,NJAGBAHUN,NJAGBAHUN MCHP,MCHP,799267,914233
MOYAMBA,MOYAMBA DISTRICT,KONGBORA,MOSONELA,LAWANA,LAWANA MCHP,MCHP,775050,894750
MOYAMBA,MOYAMBA DISTRICT,KONGBORA,TANINAHUN,TANINAHUN MBOKA,TANINAHUN MBOKA MCHP,MCHP,770633,897174
MOYAMBA,MOYAMBA DISTRICT,KONGBORA,MONGERE,LEVUMA NYOMEH,LEVUMA NYOMEH MCHP,MCHP,765794,913963
MOYAMBA,MOYAMBA DISTRICT,KONGBORA,MOKERWO,MAGBENKA,MAGBENKA MCHP,MCHP,777534,912245
MOYAMBA,MOYAMBA DISTRICT,KONGBORA,GIBINA,BAUYA,BAUYA CHC,CHC,767151,905968
MOYAMBA,MOYAMBA DISTRICT,KARGBORO,TASSOH,PLANTAIN,PLANTAIN MCHP,MCHP,721634,874885
MOYAMBA,MOYAMBA DISTRICT,KARGBORO,THUMBA,YORGBOFORE,YORGBOFORE MCHP,MCHP,738679,870066
MOYAMBA,MOYAMBA DISTRICT,KARGBORO,TASSOH,SHENGE,SHENGE CHC,CHC,725847,874587
MOYAMBA,MOYAMBA DISTRICT,KARGBORO,BUMPETOKE,BUMPETOKE,BUMPETOKE MCHP,MCHP,737483,864427
MOYAMBA,MOYAMBA DISTRICT,KARGBORO,MAMBO,MOKONGBETTY,MOKONGBETTY MCHP,MCHP,746018,884877
MOYAMBA,MOYAMBA DISTRICT,KARGBORO,MOPAILEH,MOPAILEH,MOPAILEH MCHP,MCHP,749211,871378
MOYAMBA,MOYAMBA DISTRICT,KARGBORO,MAKANDOR,MAKANDOR,MAKANDOR MCHP,MCHP,754626,872689
MOYAMBA,MOYAMBA DISTRICT,KARGBORO,NGIEHUN,NGIEHUN,NGIEHUN MCHP,MCHP,756357,883258
MOYAMBA,MOYAMBA DISTRICT,KARGBORO,YOUNDU,YOUNDU,YOUNDU CHP,CHP,733710,885851
MOYAMBA,MOYAMBA DISTRICT,KARGBORO,MOYAH,MOKAISUMANA,MOKAISUMANA MCHP,MCHP,740309,884258
MOYAMBA,MOYAMBA DISTRICT,KARGBORO,MOKOBO,MOKOBO,MOKOBO MCHP,MCHP,759663,879969
MOYAMBA,MOYAMBA DISTRICT,KORI,ZONE SIX,MANJEHUN,MANJEHUN MCHP,MCHP,806821,895181
MOYAMBA,MOYAMBA DISTRICT,KORI,ZONE ONE,FOGBO,FOGBO MCHP,MCHP,826821,918363
MOYAMBA,MOYAMBA DISTRICT,KORI,ZONE FOUR,KONDA,KONDA MCHP,MCHP,809601,906349
MOYAMBA,MOYAMBA DISTRICT,KORI,ZONE THRE,GBUIHUN,GBUIHUN MCHP,MCHP,816820,913253
MOYAMBA,MOYAMBA DISTRICT,KORI,ZONE TWO,WAIIMA,WAIIMA MCHP,MCHP,827403,911748
MOYAMBA,MOYAMBA DISTRICT,KORI,ZONE SEVEN,NJALA,NJALA CLINIC,INSTITUTIONAL CLINIC,822794,897924
MOYAMBA,MOYAMBA DISTRICT,KORI,ZONE TWO,TAIAMA,TAIAMA CHC,CHC,823797,906854
MOYAMBA,MOYAMBA DISTRICT,KORI,ZONE THREE,BAI-LARGO,BAI-LARGO MCHP,MCHP,813249,916454
MOYAMBA,MOYAMBA DISTRICT,KORI,ZONE TWO,TAIAMA,UMC CLINIC,MISSION CLINIC,823927,907926
MOYAMBA,MOYAMBA DISTRICT,DASSE,TANINAHUN GOMOH,MOGBASEKE,MOGBASEKE MCHP,MCHP,809733,891289
MOYAMBA,MOYAMBA DISTRICT,DASSE,KENEMA,KENEMA GBANDOMA,KENEMA GBANDOMA MCHP,MCHP,817247,894970
MOYAMBA,MOYAMBA DISTRICT,DASSE,BAMBUIBU TOMMY,BAMBUIBU TOMMY,BAMBUIBU TOMMY MCHP,MCHP,812834,883095
MOYAMBA,MOYAMBA DISTRICT,DASSE,TANINAHUN KAPUIMA,TANINAHUN KAPUIMA,TANINAHUN KAPUIMA MCHP,MCHP,805267,885814
MOYAMBA,MOYAMBA DISTRICT,DASSE,BAMBUIBU TOMMY,KABAIMA,KABAIMA MCHP,MCHP,810190,880634
MOYAMBA,MOYAMBA DISTRICT,DASSE,MANO,MANO,MANO CHC,CHC,820885,889923
MOYAMBA,MOYAMBA DISTRICT,TIMDALE,VAPOMA,MOSANDA,MOSANDA MCHP,MCHP,762564,873232
MOYAMBA,MOYAMBA DISTRICT,TIMDALE,GBEHAN,MOSAGBEH,MOSAGBEH MCHP,MCHP,767053,863061
MOYAMBA,MOYAMBA DISTRICT,TIMDALE,KAMBOTOKE,BOMOTOKE,BOMOTOKE CHC,CHC,758645,864825
MOYAMBA,MOYAMBA DISTRICT,TIMDALE,KEBAIL,MOKPANABOM,MOKPANABOM MCHP,MCHP,760996,860155
BONTHE,BONTHE MUNICIPAL,BONTHE TOWN,CENTRAL I,MADINA ST,BONTHE GOVERNMENT HOSPITAL,GOVT HOSPITAL,775181,833030
BONTHE,BONTHE MUNICIPAL,BONTHE TOWN,FONIMA,BONTHE TOWN,SIERRA LEONE RED CROSS CLINIC,NGO CLINIC,775625,832518
BONTHE,BONTHE MUNICIPAL,BONTHE TOWN,BAKAR TOWN,CENTRAL I,SAINT JOSSEPH'S CLINIC,MISSION CLINIC,775679,833230
BONTHE,BONTHE MUNICIPAL,BONTHE TOWN,CENTRAL I,MADINA ST,UNDER FIVES CLINIC,UNDER 5S CLINIC,775184,833035
BONTHE,BONTHE DISTRICT,NONGOBA BULLOM,GBAP,GBAP,GBAP CHC,CHC,802211,816343
BONTHE,BONTHE DISTRICT,NONGOBA BULLOM,BAOMA,BAOMA KPENGE,BAOMA KPENGE CHP,MCHP,805971,822450
BONTHE,BONTHE DISTRICT,NONGOBA BULLOM,SALMA,GBAMANI,GBAMANI CHP,MCHP,820809,813162
BONTHE,BONTHE DISTRICT,BUM,GBONDUBUM,MADINA,MADINA CHC,CHC,836446,826104
BONTHE,BONTHE DISTRICT,BUM,TOMA,TOMA BUM,TOMA BUM CHP,CHP,830181,820665
BONTHE,BONTHE DISTRICT,BUM,YAWMA,NGESEHUN,NGESEHUN MCHP,MCHP,837142,823561
BONTHE,BONTHE DISTRICT,SOGBINI,PENGOR,TIHUN,TIHUN CHC,CHC,821170,837443
BONTHE,BONTHE DISTRICT,SOGBINI,NDOPI,NGUEH,NGUEH MCHP,MCHP,821146,837594
BONTHE,BONTHE DISTRICT,SOGBINI,NDOPI,MANDU,MANDU MCHP,MCHP,821143,837649
BONTHE,BONTHE DISTRICT,SOGBINI,BEYORGBOH,KANGA,KANGA. MCHP,MCHP,821164,838425
BONTHE,BONTHE DISTRICT,KPANDA KEMO,SEWAMA,MOTUO,MOTUO CHC,CHC,825816,842736
BONTHE,BONTHE DISTRICT,KPANDA KEMO,SEWAMA,LAWANA,LAWANA MCHP,MCHP,829380,845914
BONTHE,BONTHE DISTRICT,KPANDA KEMO,BONGE,BONGE,BONGE CHP,CHP,823718,849137
BONTHE,BONTHE DISTRICT,KPANDA KEMO,SENJEHUN,SENJEHUN,SENJEHUN MCHP,MCHP,829549,833671
BONTHE,BONTHE DISTRICT,SITTIA,SAAMA,MBKIE,MBKIE MCHP,MCHP,763136,845073
BONTHE,BONTHE DISTRICT,SITTIA,KAMAI,DELKEN,DELKEN MCHP,MCHP,749350,843500
BONTHE,BONTHE DISTRICT,SITTIA,YONI,YONI,YONI CHC,CHC,773114,827149
BONTHE,BONTHE DISTRICT,SITTIA,BAMBA,MANIA,MANIA MCHP,MCHP,772460,818618
BONTHE,BONTHE DISTRICT,BENDU CHA,SOKENTEH,BENDU,BENDU CHC,CHC,780963,828653
BONTHE,BONTHE DISTRICT,BENDU CHA,YANLANBOKI,MINDOHUN,MINDOHUN MCHP,MCHP,795868,825061
BONTHE,BONTHE DISTRICT,BENDU CHA,TISSAGBE,TAIGBE,TAIGBE MCHP,MCHP,780985,828697
BONTHE,BONTHE DISTRICT,DEMA,CHEPO,TISSANA,TISSANA CHC,CHC,728269,837871
BONTHE,BONTHE DISTRICT,DEMA,DEMA,BAOMA,BAOMA CHP,CHP,732825,841745
BONTHE,BONTHE DISTRICT,KWAMEBAI KRIM,TUN-TUN SULLAY,TEI,TEI CHP,CHP,829060,802108
BONTHE,BONTHE DISTRICT,YAWBEKO,MOBULIE,MOBEFA,MOBEFA MCHP,MCHP,812024,829985
BONTHE,BONTHE DISTRICT,YAWBEKO,KETAWAY,SENEHUN GBLO,SENEHUN GBLO MCHP,MCHP,818685,819432
BONTHE,BONTHE DISTRICT,YAWBEKO,KETAWAY,TALIA,TALIA CHC,CHC,816838,823270
BONTHE,BONTHE DISTRICT,IMPERRI,BABUM,MORIBA TOWN,MORIBA TOWN CHC,CHC,798050,862432
BONTHE,BONTHE DISTRICT,IMPERRI,BABUM,MOGBWEMO,MOGBWEMO CHC,CHC,796732,858873
BONTHE,BONTHE DISTRICT,IMPERRI,MOIMALIGIE,YARGOI,YARGOI CHP,CHP,793816,838083
BONTHE,BONTHE DISTRICT,IMPERRI,BABUM,GBANGBAIA,GBANGBAIA CHP,CHP,790566,861283
BONTHE,BONTHE DISTRICT,IMPERRI,MOIMALIGIE,VICTORIA,VICTORIA MCHP,MCHP,794483,846078
BONTHE,BONTHE DISTRICT,IMPERRI,BIGO,GBANGBAMA,GBANGBAMA CLINIC,PRIVATE CLINIC,798213,859440
BONTHE,BONTHE DISTRICT,JONG,BEYINGA,GAMBIA TOWN,GAMBIA TOWN CHP,MCHP,811692,833953
BONTHE,BONTHE DISTRICT,JONG,BAYENGBE,MATTRU,SL RED CROSS CLINIC,NGO CLINIC,811464,842181
BONTHE,BONTHE DISTRICT,JONG,BAYENGBE,MATTRU,MATTRU UBC HOSPITAL,MISSION HOSPITAL,812540,841650
BONTHE,BONTHE DISTRICT,JONG,BAYENGBE,MATTRU,MATTRU MCHP (STATIC),MCHP,811860,841674
BONTHE,BONTHE DISTRICT,JONG,LANDI-NGERE,KABATI,KABATI CHP,CHP,803712,848631
BONTHE,BONTHE DISTRICT,JONG,TUCKER NYANGBE,KOMENDE,KOMENDE MCHP,MCHP,805444,831720
BONTHE,BONTHE DISTRICT,JONG,FALEWUJA,SEMABU,SEMABU MCHP,MCHP,819976,846153
BONTHE,BONTHE DISTRICT,JONG,FALEWUJA,MOYOWA,MOYOWA MCHP,MCHP,819924,846124
BONTHE,BONTHE DISTRICT,JONG,LANDI-NGERE,MONGEREWA,MONGEREWA MCHP,MCHP,806895,841695
BO,BO DISTRICT,BUMPE NGAO,YENGEMA,YENGEMA,YENGEMA MCHP,MCHP,829187,865947
BO,BO DISTRICT,BUMPE NGAO,SERABU,SERABU,SERABU HOSPITAL,MISSION HOSPITAL,825132,862709
BO,BO DISTRICT,BUMPE NGAO,TANINAHUN,TANINAHUN,TANINAHUN CHP,CHP,821322,873582
WESTERN AREA URBAN,FREETOWN CITY,CENTRAL II,CENTRAL,8 PULTNEY ST,DR. WALTER RENNERS'S CLINIC,PRIVATE CLINIC,694087,938674
WESTERN AREA URBAN,FREETOWN CITY,CENTRAL II,CENTRAL,WALPOLE ST,GYNAE AND GENERAL CLINIC,PRIVATE CLINIC,694172,938682
WESTERN AREA URBAN,FREETOWN CITY,EAST I,KOSSOH TOWN,KOSSOH TOWN,ARABIC MISSION CLINIC,MISSION CLINIC,695086,938683
WESTERN AREA URBAN,FREETOWN CITY,CENTRAL II,CENTRAL,PERCEVAL ST,DENTAL CLINIC,GOVT CLINIC,693997,938635
WESTERN AREA URBAN,FREETOWN CITY,WEST II,CONGO MAR,CONGO MARKET,HOPE CLINIC,PRIVATE CLINIC,693593,937278
WESTERN AREA URBAN,FREETOWN CITY,WEST III,JUBA/KIAN,JUBA/KIANINGO,STELLA MORIS CLINIC,PRIVATE CLINIC,689574,934419
WESTERN AREA URBAN,FREETOWN CITY,EAST II,QUARRY,QUARRY,METERNITY CHILD HEALTH POST,MCHP,696574,937850
WESTERN AREA URBAN,FREETOWN CITY,WEST II,TENGBEH T,TENGBEH TOWN,METHLAND HOSPITAL,PRIVATE HOSPITAL,692125,937650
WESTERN AREA URBAN,FREETOWN CITY,EAST III,JALLOH TA,JALLOH TARRECE,ALPHA NONKO MEMORIAL HOSPITAL,PRIVATE HOSPITAL,700201,936111
WESTERN AREA URBAN,FREETOWN CITY,WEST I,KROO TOWN,45 ADELAIDE ST,KRIM CLINIC,PRIVATE CLINIC,693373,937925
WESTERN AREA URBAN,FREETOWN CITY,EAST III,LOWCOST HOUSING,LOWCOST HOUSING,MARIE STOPES CLINIC,NGO CLINIC,699732,936541
WESTERN AREA URBAN,FREETOWN CITY,CENTRAL I,CENTRAL,CENTRAL,LEA CONSULTING CLINIC,PRIVATE CLINIC,694095,938200
WESTERN AREA URBAN,FREETOWN CITY,WEST II,CONGO CRO,CONGO CROSS,RIJANIS HEALTH CENTRE,PRIVATE CLINIC,692116,937839
WESTERN AREA URBAN,FREETOWN CITY,EAST I,CLINE TOWN,CLINE TOWN,SIERRA LEONE POSTS AUTHORITY,INSTITUTIONAL CLINIC,697076,939123
WESTERN AREA URBAN,FREETOWN CITY,EAST I,CLINE TOWN,CLINE TOWN,SIERRA LEONE GUOJI,PRIVATE CLINIC,697019,938823
WESTERN AREA URBAN,FREETOWN CITY,EAST I,CLINE TOWN,CLINE TOWN,PRIMARY HEALTH CENTRE,CHC,697044,939211
WESTERN AREA URBAN,FREETOWN CITY,EAST I,FOURAH BAY,FOURAH BAY ROAD,P.C.M. HOSPITAL,GOVT HOSPITAL,696058,938895
WESTERN AREA URBAN,FREETOWN CITY,EAST I,CLINE TOWN,CLINE TOWN,YANGADIE MEMORIAL H/CENTER,PRIVATE CLINIC,696840,938140
WESTERN AREA URBAN,FREETOWN CITY,EAST I,CLINE TOWN,CLINE TOWN,JENNER WRIGHT H/CENTRE,PRIVATE CLINIC,696872,938126
WESTERN AREA URBAN,FREETOWN CITY,WEST II,CONGO CROSS,CONGO CROSS,RIJANIC DAY CARE H/CENTRE,PRIVATE CLINIC,692116,937839
WESTERN AREA URBAN,FREETOWN CITY,WEST III,ABERDEEN,ABERDEEN,MARIE STOPES SIERRA LEONE,NGO CLINIC,690705,938522
WESTERN AREA URBAN,FREETOWN CITY,CENTRAL I,CENTRAL,23 ECOWAS ST,ABANITA HOSPITAL,PRIVATE HOSPITAL,694683,938890
WESTERN AREA URBAN,FREETOWN CITY,WEST III,COAL FARM,COAL FARM,DAVIDSON NICOL MEDICAL CENTRE,PRIVATE HOSPITAL,691184,938427
WESTERN AREA URBAN,FREETOWN CITY,WEST III,COCKERILL,COCKERILL,H.Q.J.F.C. M.I ROOM,CHP,689604,936953
WESTERN AREA URBAN,FREETOWN CITY,WEST III,MURRAY TO,MURRAY TOWN,M.I. ROOM-MARRAY TOWN,CHP,690779,938921
WESTERN AREA URBAN,FREETOWN CITY,WEST III,WILKINSON ROAD,175 WILKINSON ROAD,THE FAMILY CLINIC,PRIVATE CLINIC,690464,935899
WESTERN AREA URBAN,FREETOWN CITY,WEST III,WILKINSON ROAD,121 SEQEEN DRIVE-OFF WILKINSON RD,GOOD SHEPARD CLINIC,PRIVATE CLINIC,689916,936280
WESTERN AREA URBAN,FREETOWN CITY,WEST III,HILL STATION,HILL STATION,M.C.H.P-HILL STATION,MCHP,692760,935228
WESTERN AREA URBAN,FREETOWN CITY,WEST III,HILL STATION,HILL STATION,CHOITHRAM MEMORIAL HOSPITAL,PRIVATE HOSPITAL,692855,935017
WESTERN AREA URBAN,FREETOWN CITY,WEST III,MURRAY TOWN,MURRAY TOWN,MURRAY TOWN COMMUNITY HEALTH CENTRE,CHC,691095,939477
WESTERN AREA URBAN,FREETOWN CITY,EAST III,CALABA TOWN,CALABA TOWN,CALABA TOWN HEALTH CENTRE,CHC,702346,933033
WESTERN AREA URBAN,FREETOWN CITY,CENTRAL I,CENTRAL,MACAULEY ST,IRAN S/L MEDICAL CENTRE,NGO HOSPITAL,695057,937761
WESTERN AREA URBAN,FREETOWN CITY,WEST III,ABERDEEN,ABERDEEN,MERCYSHIP-S/L-ABERDEEN,NGO HOSPITAL,688460,939223
WESTERN AREA URBAN,FREETOWN CITY,WEST III,WILBERFORCE,WILBERFORCE BARRACKS,34 MILITARY HOSPITAL,MILITARY HOSPITAL,691415,936046
WESTERN AREA URBAN,FREETOWN CITY,WEST II,ASCCESSION TOWN,ASCCESSION TOWN,FREETOWN CITY COUNCIL,CHP,693005,938254
WESTERN AREA URBAN,FREETOWN CITY,WEST III,CONGO TOWN,CONGO TOWN,RINA ASS.HEALTH CENTRE,PRIVATE CLINIC,692323,938115
WESTERN AREA URBAN,FREETOWN CITY,WEST II,CONGO CROSS,CONGO CROSS,CHINESE CONSONACY HOSPITAL,PRIVATE CLINIC,692114,937735
WESTERN AREA URBAN,FREETOWN CITY,WEST II,CONGO CROSS,CONGO CROSS,DR.ROBINSON COKER CLINIC,PRIVATE CLINIC,692168,937759
WESTERN AREA URBAN,FREETOWN CITY,WEST II,NEW ENGLAND,6 JOMOKENYATTA ROAD,BLUESHIELD,PRIVATE HOSPITAL,694007,937042
WESTERN AREA URBAN,FREETOWN CITY,WEST II,TENGBEH TOWN,TENGBEH TOWN,AL-SHEEFA ARAB CLINIC,PRIVATE CLINIC,692609,936888
WESTERN AREA URBAN,FREETOWN CITY,EAST III,ALLEN TOWN,ALLEN TOWN,ALLEN TOWN CHC,CHC,703137,930949
WESTERN AREA URBAN,FREETOWN CITY,WEST I,BROOK FIELDS,SYKE ST,SCHOOL DENTAL CLINIC,GOVT CLINIC,693037,938184
WESTERN AREA URBAN,FREETOWN CITY,WEST II,DWARZAK,DWARZAK,GEORGE BROOK HEALTH CENTER,CHC,694220,936552
WESTERN AREA URBAN,FREETOWN CITY,WEST II,BROOK FIELDS,5 MACDONALD ST,L.M MEMORIAL CLINIC,PRIVATE CLINIC,693821,937471
WESTERN AREA URBAN,FREETOWN CITY,WEST II,BROOK FIELDS,11 KINGHARMAN ROAD,NACTIB NEW LIFE HOSPITAL,PRIVATE HOSPITAL,693074,936978
WESTERN AREA URBAN,FREETOWN CITY,WEST I,KINGTOM,KINGTOM,N.P.A.MEDICARE-KING TOWN,INSTITUTIONAL CLINIC,692857,939163
WESTERN AREA URBAN,FREETOWN CITY,WEST I,KINGTOM,KINGTOM,POLICE HOSPITAL KINGTOM,POLICE HOSPITAL,693120,939093
WESTERN AREA URBAN,FREETOWN CITY,WEST I,KROO TOWN,35-37 EDWARD ST,WESTEND CLINIC,PRIVATE CLINIC,693511,937913
WESTERN AREA URBAN,FREETOWN CITY,CENTRAL II,CENTRAL,9 PADEMBA ROAD,MEDICAL CLINIC,PRIVATE CLINIC,694197,938338
WESTERN AREA URBAN,FREETOWN CITY,CENTRAL II,CENTRAL,57 BATH ST,NIKSA MEDICAL CENTRE,PRIVATE CLINIC,694125,938266
WESTERN AREA URBAN,FREETOWN CITY,CENTRAL II,CENTRAL,BATH ST,DIAGNOSTIC CLINIC,PRIVATE CLINIC,694110,938275
WESTERN AREA URBAN,FREETOWN CITY,CENTRAL II,CENTRAL,CENTRAL,CENTRAL CONSULTANCY CLINIC,PRIVATE CLINIC,694023,938327
WESTERN AREA URBAN,FREETOWN CITY,CENTRAL II,CENTRAL,WELLINGTON ST,DR.DABO'S CLINIC,PRIVATE CLINIC,693367,938470
WESTERN AREA URBAN,FREETOWN CITY,CENTRAL II,CENTRAL,CENTRAL,NAT.SCH.HTH.PROG-SCH.CLIN,GOVT CLINIC,693894,938609
WESTERN AREA URBAN,FREETOWN CITY,CENTRAL I,CENTRAL,39 BATH ST,Q&D MEDICAL CENTER,PRIVATE CLINIC,694862,938164
WESTERN AREA URBAN,FREETOWN CITY,CENTRAL I,CENTRAL,34 REGENT ROAD,DR.BUNDU CLINIC,PRIVATE CLINIC,694797,938473
WESTERN AREA URBAN,FREETOWN CITY,CENTRAL II,CENTRAL,5 SIAKA STEVENS ST,DR.SHUMA CLINIC,PRIVATE CLINIC,694629,938944
WESTERN AREA URBAN,FREETOWN CITY,EAST II,QUARRY,QUARRY,QUARRY MCHP,MCHP,696587,937817
WESTERN AREA URBAN,FREETOWN CITY,EAST I,FOURAHBAY,ROSS RD,SCHOOL DENTAL CLINIC,GOVT CLINIC,696845,938588
WESTERN AREA URBAN,FREETOWN CITY,EAST III,KISSY,KISSY,S/L SACRIFICE HOSPITAL MENTAL HOME,GOVT HOSPITAL,698869,936218
WESTERN AREA URBAN,FREETOWN CITY,EAST III,KUNTOLOR,KUNTOLOR,KUNTOLOR CHC,CHC,700203,935422
WESTERN AREA URBAN,FREETOWN CITY,EAST III,KUNTOLOR,KUNTOLOR,PA JINRABAU COMM.H/CENTRE,PRIVATE CLINIC,700911,936101
WESTERN AREA URBAN,FREETOWN CITY,EAST III,GRASS FIELD,5C WHYSE MOORE ST,KATELENA CLINIC,PRIVATE CLINIC,700850,936368
WESTERN AREA URBAN,FREETOWN CITY,EAST III,ALLEN TOWN,80 FREETOWN WATERLOO RD,SAN PAOLO HOSPITAL,PRIVATE HOSPITAL,704274,930421
WESTERN AREA URBAN,FREETOWN CITY,EAST III,KISSY BYE PASS II,UMC URBAN CENTRE,UMC URBAN CENTRE HOSPITAL,MISSION HOSPITAL,698671,937294
WESTERN AREA URBAN,FREETOWN CITY,EAST III,KISSY BROOK,MOYIBA,MOYIBA CHC,CHC,697453,937054
WESTERN AREA URBAN,FREETOWN CITY,EAST III,KISSY BYE PASS I,28 HORSESHOE RD,IDEMSIL MEDICAL CENTRE,PRIVATE CLINIC,697347,938082
WESTERN AREA URBAN,FREETOWN CITY,EAST I,CLINE TOWN,ROSS RD,ROSS RD CHC,CHC,696954,938779
WESTERN AREA URBAN,FREETOWN CITY,EAST III,KISSY BYE PASS II,41A KISSY BYE PASS RD,AFRICAN MUSLIM AGENCY,MISSION HOSPITAL,698849,937242
WESTERN AREA URBAN,FREETOWN CITY,EAST II,GINGER HALL,GINGER HALL,GINGER HALL CHC,CHC,696098,937991
WESTERN AREA URBAN,FREETOWN CITY,EAST III,ALLEN TOWN,SHEPARD HOSPICE SL,SHEPARD HOSPITAL,MISSION HOSPITAL,703543,930699
WESTERN AREA URBAN,FREETOWN CITY,EAST III,CONGO WATER II,39 MELON ST,HOLY MARY CHILDREN'S CLINIC,MISSION CLINIC,700961,931710
WESTERN AREA URBAN,FREETOWN CITY,EAST III,ROKUPA,ROKUPA,ROKUPA GOVERNMENT HOSPITAL,GOVT HOSPITAL,701303,931511
WESTERN AREA URBAN,FREETOWN CITY,CENTRAL II,CANNAUGHT HOSPITAL,PERCIVAL STREET,CANNAUGHT HOSPITAL,GOVT HOSPITAL,694048,938906
WESTERN RURAL,WESTERN RURAL,PENINSULAR - YORK,GODERICH,SEVEN BATTALION-GODERICH,M.I ROOM,CHP,689969,932435
WESTERN RURAL,WESTERN RURAL,PENINSULAR-YORK,GODERICH,GODERICH,GODERICH COMMUNITY CENTRE,CHC,688034,932917
WESTERN RURAL,WESTERN RURAL,PENINSULAR -YORK,GBENDEMBU,GBENDEMBU,MUTUAL FAITH CLINIC,PRIVATE CLINIC,689957,933321
WESTERN RURAL,WESTERN RURAL,PENINSULAR -YORK,TISSANA,TISSANA,TISSANA M.C.H.P,MCHP,713302,911569
WESTERN RURAL,WESTERN RURAL,WATERLOO-GREATER FREETOWN,HASTINGS,ROGBANGBA,ROGBANGBA MCH POST,MCHP,707300,928640
WESTERN RURAL,WESTERN RURAL,KOYA,SONGO,SONGO,SONGO COMM.HEALTH CENTRE,CHC,727918,925878
WESTERN RURAL,WESTERN RURAL,KOYA,MADAKA CHP,MADAKA,MADAKA CHP,CHP,729640,925500
WESTERN RURAL,WESTERN RURAL,KOYA,MABAFTY AREA(FOGBO),FOGBO,FOGBO MCHP,MCHP,722264,914584
WESTERN RURAL,WESTERN RURAL,WATERLOO,WATERLOO,WATERLOO,WATERLOO COMM. HEALTH CTR,CHC,712149,921863
WESTERN RURAL,WESTERN RURAL,PENINSULAR-YORK,SUSSEX,SUSSEX,SUSSEX M.C.H.P,MCHP,694795,923123
WESTERN RURAL,WESTERN RURAL,KOYA,KOYA,KISSI TOWN,KISSY TOWN COMM.HEALTH PT,CHP,715599,922103
WESTERN RURAL,WESTERN RURAL,WATERLOO,GRAFTON,GRAFTON,GRAFTON CHC,CHC,703188,927721
WESTERN RURAL,WESTERN RURAL,WATERLOO,BASSA TOWN,BASSA TOWN FIELD-WATERLOO,KONIKAY CLINIC,PRIVATE CLINIC,713142,920784
WESTERN RURAL,WESTERN RURAL,WATERLOO,DEEPEYE WATER - WATERLOO,DEEPEYE WATER - WATERLOO,DEEPEYE WATER MCHP,MCHP,711218,924366
WESTERN RURAL,WESTERN RURAL,WATERLOO,LUMPA,LUMPA,LUMPA CHC,CHC,714137,921506
WESTERN RURAL,WESTERN RURAL,PENINSULAR-YORK,YORK,YORK,YORK COMMUNITY H/CENTER,CHC,700048,916800
WESTERN RURAL,WESTERN RURAL,MOUNTAIN REGENT,REGENT,REGENT,REGENT CHC,CHC,696014,932770
WESTERN RURAL,WESTERN RURAL,MOUNTAIN REGENT,CHARLOTTE,CHARLOTTE,CHARLOTTE CHP,CHP,699269,931325
WESTERN RURAL,WESTERN RURAL,MOUNTAIN REGENT,LACESTER,LACESTER,LEICESTER CHP,CHP,696079,935495
WESTERN RURAL,WESTERN RURAL,PENINSULAR-YORK,ADONKIA/GODERICH,ADONKIA/GODERICH,EMERGENCY SURGICAL CENTRE,NGO HOSPITAL,689860,931378
WESTERN RURAL,WESTERN RURAL,PENINSULAR -YORK,MARDONALD,MARDONALD,MACDONALD M.C.H.P,MCHP,711518,916186
WESTERN RURAL,WESTERN RURAL,PENINSULAR-YORK,TOMBO,TOMBO,TOMBO COMMUNITY H/CENTER,CHC,709522,908908
WESTERN RURAL,WESTERN RURAL,PENINSULAR-YORK,HAMILTON,HAMILTON,HAMILTON COMMUNITY H/POST,CHP,691582,926994
WESTERN RURAL,WESTERN RURAL,WATERLOO,CAMPBELL TOWN,CAMPBELL TOWN,CAMPBELL TOWN CHC,CHC,714416,919085
WESTERN RURAL,WESTERN RURAL,KOYA,"NYANDEHUN, NEWTON",NEWTON,NEWTON CHC,CHC,717933,921734
WESTERN RURAL,WESTERN RURAL,KOYA,CROSSING,CROSSING,CROSSING MCHP,MCHP,723444,924434
WESTERN RURAL,WESTERN RURAL,WATERLOO,MALAMBAY,MALAMBAY,MALAMBAY M.C.H.P,MCHP,717764,919559
WESTERN RURAL,WESTERN RURAL,WATERLOO,HASTING,HASTINGS,HASTINGS CHC,CHC,705224,927203
WESTERN RURAL,WESTERN RURAL,PENINSULAR - YORK,KENT,KENT,KENT COMMUNITY H/CENTER,CHC,702462,904008
WESTERN RURAL,WESTERN RURAL,PENINSULAR,LAKKA,LAKKA,LAKKA GOVERNMENT HOSPITAL,GOVT HOSPITAL,691226,928640
WESTERN RURAL,WESTERN RURAL,PENINSULAR - YORK,BANANA ISLAND,BANANA ISLAND,BANANA COMMUNITY H/POST,CHP,702635,906117
WESTERN RURAL,WESTERN RURAL,WATERLOO,WATERLOO,WATERLOO,ADVENTIST HEALTH SYSTEM,MISSION HOSPITAL,712174,921920
WESTERN RURAL,WESTERN RURAL,WATERLOO- GREATER F/TOWN,"JOHN THORPE,ROKEL VILLAGE","JOHN THORPE,ROKEL VILLAGE",JOHN THORPE. MCHP,MCHP,710110,928501
WESTERN RURAL,WESTERN RURAL,WATERLOO GREATER FREETOWN,KOSSOH TOWN,KOSSOH TOWN,MARIE STOPES CLINIC,NGO CLINIC,704148,927502
WESTERN RURAL,WESTERN RURAL,PENINSULAR-YORK,TOKEH,TOKEH,TOKEH M.C.H.P,MCHP,699200,919428
WESTERN RURAL,WESTERN RURAL,WATERLOO,NEW LONDON M.C.H.P,NEW LONDON,NEW LONDON M.C.H.P,MCHP,703902,927273
WESTERN RURAL,WESTERN RURAL,WATERLOO-GREATER FREETOWN,LIMBA CORNER ROKEL VILLAGE,LIMBA CORNER ROKEL VILLAGE,ELSHADDAI MEDICAL CLINIC,PRIVATE CLINIC,709706,927631
WESTERN RURAL,WESTERN RURAL,WATERLOO,MABUREH,MABUREH,MABUREH COMM.HEALTH POST,CHP,714277,920501
WESTERN RURAL,WESTERN RURAL,PENINSULAR-YORK,LAKKA,LAKKA,LAKKA/OGOO FARM C.H.C,CHC,690833,929191
WESTERN RURAL,WESTERN RURAL,WATERLOO,WATERLOO,WATERLOO,ARAB CLINIC,NGO CLINIC,712843,920982
BO,BO CITY,KAKUA,NIKIBU,BO CITY,BO GOVERNMENT HOSPITAL,GOVT HOSPITAL,197580,881353
KENEMA,KENEMA DISTRICT,LANGRAMA,YABAIMA,YABAIMA,YABAIMA CHP,CHP,226824,845364
